CustomerID,Recency,Frequency,Monetary,Churn
12346.0,255,2,0.0,1
12347.0,59,5,2790.86,0
12348.0,5,4,1797.24,1
12350.0,240,1,334.4,1
12352.0,2,10,1233.68,0
12353.0,134,1,89.0,1
12354.0,162,1,1079.4,1
12355.0,144,1,459.4,1
12356.0,175,2,2753.08,0
12358.0,80,1,484.86,0
12359.0,119,4,3459.93,0
12360.0,42,2,1618.28,0
12361.0,217,1,189.9,1
12362.0,2,7,2554.54,0
12363.0,39,2,552.0,1
12364.0,8,2,703.72,0
12365.0,221,3,320.69,1
12370.0,204,3,2806.41,0
12372.0,1,3,1298.04,1
12373.0,241,1,364.6,1
12375.0,28,1,230.3,0
12377.0,245,2,1628.12,1
12378.0,59,1,4008.62,1
12379.0,11,3,850.29,1
12380.0,8,2,1233.56,0
12381.0,30,2,1227.39,0
12383.0,114,6,1839.31,1
12384.0,9,2,273.58000000000004,0
12386.0,267,2,401.9,1
12388.0,5,5,2494.26,0
12390.0,9,1,549.84,1
12393.0,2,4,1582.6000000000001,1
12394.0,147,1,381.08,0
12395.0,42,10,1881.77,0
12397.0,65,1,1214.81,0
12399.0,49,4,1108.65,1
12401.0,233,1,84.3,1
12402.0,253,1,225.6,1
12405.0,78,1,1710.39,1
12406.0,52,2,1486.7,0
12407.0,64,4,1407.3600000000001,0
12408.0,28,7,2103.07,0
12409.0,8,7,11056.93,1
12410.0,231,3,681.0799999999999,1
12412.0,4,3,1226.88,1
12413.0,166,4,499.95000000000005,0
12414.0,147,3,562.41,1
12415.0,29,18,101335.53,0
12417.0,36,9,2766.17,0
12418.0,42,1,668.58,1
12421.0,44,4,627.79,0
12422.0,25,3,803.5600000000001,1
12423.0,28,8,1640.47,0
12424.0,92,2,1760.96,1
12425.0,8,1,777.2,1
12426.0,124,1,582.73,1
12427.0,281,2,246.55,0
12428.0,38,11,7468.860000000001,0
12429.0,102,3,2844.88,0
12431.0,49,14,4803.51,0
12432.0,100,3,4016.66,0
12433.0,21,3,6395.23,0
12434.0,14,4,765.19,1
12435.0,9,2,7829.89,1
12436.0,29,1,509.01,1
12437.0,8,13,2979.2599999999998,0
12438.0,70,1,890.0699999999999,0
12441.0,296,1,173.55,1
12444.0,15,3,3189.81,0
12447.0,173,1,476.49,1
12449.0,21,3,2724.58,0
12450.0,86,2,197.88,1
12451.0,77,3,5205.82,0
12453.0,64,1,707.09,1
12455.0,3,6,2466.86,1
12456.0,38,3,2238.25,0
12457.0,11,9,1932.23,0
12458.0,1,2,947.4,1
12461.0,24,2,826.88,1
12462.0,224,2,741.3100000000001,0
12463.0,105,5,974.39,0
12464.0,36,6,780.55,0
12465.0,99,1,440.94,0
12468.0,73,3,724.0400000000001,1
12471.0,8,36,10981.359999999999,0
12472.0,68,9,4628.63,0
12473.0,44,4,1109.79,0
12474.0,10,22,4203.24,0
12476.0,14,14,3593.7799999999997,0
12477.0,21,6,8731.3,0
12480.0,73,3,2144.95,0
12481.0,109,9,4096.3,0
12483.0,28,9,1567.06,0
12484.0,30,5,3626.65,0
12488.0,5,1,553.39,0
12489.0,266,1,334.93,1
12490.0,23,6,3552.59,0
12492.0,35,1,126.39000000000001,0
12493.0,95,3,416.79,1
12494.0,87,10,819.9100000000001,0
12497.0,11,1,1043.1,1
12500.0,36,6,1773.8400000000001,0
12501.0,245,2,2089.68,1
12502.0,25,5,3723.87,1
12503.0,267,1,-1126.0,1
12505.0,231,1,-4.5,1
12506.0,162,1,73.5,1
12507.0,64,4,1258.06,1
12509.0,214,1,176.5,1
12510.0,72,2,982.5699999999999,1
12513.0,14,2,586.79,1
12514.0,197,1,1017.68,1
12515.0,283,1,383.7,1
12516.0,7,2,1312.06,1
12517.0,3,3,1955.9,0
12518.0,7,2,849.73,0
12520.0,9,6,2582.51,1
12521.0,72,1,599.68,1
12523.0,9,8,1142.13,0
12524.0,92,6,3122.48,0
12526.0,24,1,520.3,0
12527.0,11,3,348.71000000000004,1
12528.0,42,6,1276.17,0
12530.0,38,4,1183.0,0
12534.0,60,1,1089.18,1
12535.0,21,2,716.35,1
12539.0,192,4,2801.84,0
12540.0,7,15,10404.789999999999,0
12541.0,103,2,536.14,0
12545.0,5,2,1000.39,1
12546.0,7,1,760.2,0
12547.0,127,2,207.79999999999998,1
12548.0,96,1,95.19999999999999,1
12550.0,9,1,964.83,1
12551.0,287,1,168.0,1
12553.0,40,10,2383.29,0
12556.0,81,1,312.9,0
12557.0,88,4,9000.960000000001,0
12559.0,240,3,536.21,1
12560.0,30,3,1403.69,0
12561.0,232,1,238.85,1
12562.0,11,4,1993.8700000000001,0
12564.0,191,1,456.9,1
12565.0,211,2,131.17,1
12566.0,2,2,346.7,1
12567.0,26,10,7563.64,0
12569.0,22,17,2125.98,0
12571.0,51,1,248.35,0
12573.0,157,1,160.54000000000002,1
12574.0,245,1,218.45,1
12576.0,25,5,927.6999999999999,0
12577.0,289,1,195.89,0
12578.0,246,3,1567.51,0
12579.0,3,3,410.72,1
12580.0,176,1,415.7,1
12582.0,168,2,511.36,1
12583.0,4,12,4739.8099999999995,0
12584.0,10,9,968.09,0
12585.0,164,4,1982.81,1
12586.0,298,1,-17.0,0
12589.0,74,1,131.5,0
12590.0,120,3,9861.38,1
12591.0,247,1,452.84999999999997,1
12592.0,22,2,437.6,1
12593.0,38,3,418.09999999999997,1
12594.0,51,9,2511.9,0
12596.0,172,1,269.95,0
12597.0,113,2,1428.81,0
12598.0,1,6,1925.74,0
12599.0,56,6,857.04,0
12600.0,14,10,2201.46,0
12601.0,119,6,569.5600000000001,1
12604.0,9,2,254.18,1
12605.0,295,1,-7.5,1
12609.0,8,3,1126.85,1
12610.0,36,3,1244.7,0
12612.0,4,1,704.0400000000001,0
12613.0,127,4,1462.52,0
12614.0,207,1,315.6,1
12615.0,1,2,1211.3899999999999,0
12616.0,15,5,657.25,1
12619.0,1,10,2366.95,0
12620.0,10,2,939.3199999999999,0
12621.0,11,20,11183.04,0
12622.0,162,1,180.1,1
12623.0,206,1,305.1,1
12624.0,36,2,641.13,1
12625.0,141,3,2614.32,1
12626.0,42,10,4541.87,0
12627.0,26,5,2727.83,0
12633.0,59,4,1925.4,0
12635.0,19,2,1689.18,1
12637.0,21,9,5594.85,0
12639.0,168,1,486.1,1
12640.0,11,1,764.59,0
12641.0,45,1,185.9,1
12642.0,37,1,366.45,0
12643.0,58,6,3344.64,1
12644.0,59,1,477.91,1
12645.0,29,4,1291.06,0
12647.0,8,12,3348.77,0
12648.0,84,1,318.05,1
12649.0,37,4,603.71,1
12651.0,264,1,114.0,1
12652.0,252,2,914.53,1
12653.0,78,2,2209.85,1
12654.0,127,3,337.75,0
12656.0,2,6,3405.47,0
12657.0,8,1,618.44,0
12662.0,37,8,2620.96,0
12664.0,17,4,2277.08,0
12665.0,254,2,61.75,1
12666.0,289,1,-227.44,1
12668.0,178,4,2889.67,0
12669.0,80,4,1607.73,1
12670.0,28,3,1634.47,0
12672.0,259,1,225.89999999999998,1
12673.0,256,1,220.9,0
12674.0,21,4,1372.0,0
12676.0,53,4,998.0500000000001,0
12678.0,8,11,8640.3,0
12679.0,17,4,963.45,0
12680.0,3,3,613.36,0
12681.0,3,20,10601.17,0
12682.0,11,22,8799.21,0
12683.0,22,16,6434.97,0
12684.0,100,4,1379.48,0
12685.0,5,3,1829.02,0
12686.0,301,1,89.14,1
12688.0,43,1,4873.8099999999995,1
12689.0,57,1,511.03,0
12690.0,135,1,389.01,1
12691.0,75,4,556.3,0
12693.0,50,6,830.96,1
12694.0,113,1,439.5,1
12695.0,37,2,333.90000000000003,0
12697.0,44,3,724.01,0
12700.0,86,3,2113.05,0
12701.0,9,2,797.71,1
12703.0,1,1,283.55,0
12704.0,8,4,1346.47,0
12705.0,7,9,4958.14,0
12707.0,221,1,603.42,1
12708.0,2,13,2312.15,0
12709.0,1,20,7636.91,0
12710.0,26,4,1130.57,1
12712.0,36,14,3783.58,0
12714.0,36,4,3389.7,0
12715.0,36,1,353.86,1
12716.0,63,1,677.9,0
12717.0,81,3,980.98,1
12718.0,1,1,238.25,1
12720.0,3,21,3789.62,0
12721.0,9,6,2014.66,0
12722.0,15,6,904.33,1
12724.0,11,3,823.1700000000001,0
12725.0,301,1,427.8,1
12726.0,16,6,1824.6399999999999,0
12727.0,25,8,3304.7,0
12728.0,1,4,836.33,1
12729.0,43,1,453.01,1
12731.0,15,10,13616.15,0
12732.0,109,1,236.26000000000002,1
12733.0,164,1,383.95,1
12734.0,282,1,110.39999999999999,1
12735.0,245,2,779.5699999999999,1
12736.0,262,1,234.0,1
12738.0,302,1,155.35,1
12739.0,8,2,1013.04,1
12743.0,64,2,546.43,1
12744.0,74,7,8121.13,0
12747.0,39,8,2769.4,0
12748.0,2,148,15806.0,0
12749.0,43,6,2532.55,0
12750.0,58,1,275.88,1
12752.0,11,1,4366.78,1
12753.0,38,9,16332.46,0
12754.0,165,5,2949.12,1
12755.0,179,4,2203.2,1
12756.0,16,1,112.07999999999998,1
12757.0,58,13,1651.68,0
12758.0,46,2,2791.59,1
12759.0,101,2,1082.52,0
12763.0,68,2,494.08,1
12764.0,246,1,1693.88,1
12766.0,79,5,4952.1900000000005,0
12769.0,168,1,1143.6,1
12770.0,140,1,1351.45,1
12775.0,119,5,1129.8799999999999,0
12778.0,113,4,492.06,0
12779.0,119,10,2906.11,0
12781.0,182,2,491.75,0
12782.0,79,5,2021.0700000000002,0
12783.0,5,1,339.02,0
12785.0,294,1,311.95,0
12787.0,21,2,344.65999999999997,0
12790.0,122,1,324.92,1
12791.0,303,1,192.60000000000002,1
12792.0,186,1,400.53999999999996,1
12793.0,264,2,545.48,1
12794.0,28,1,317.0,0
12797.0,290,3,194.18,1
12798.0,100,1,1607.04,0
12802.0,113,2,412.58,1
12808.0,114,2,281.35,0
12809.0,98,2,484.36,1
12811.0,190,3,514.85,1
12814.0,31,1,125.92,1
12815.0,77,2,1063.46,1
12816.0,25,2,572.2,1
12817.0,211,1,166.04,1
12818.0,108,2,1517.88,1
12820.0,4,2,388.23,0
12821.0,144,1,92.72,1
12822.0,16,2,661.0,1
12823.0,4,5,1759.5,1
12826.0,1,6,1046.02,0
12828.0,29,3,415.51,0
12829.0,252,3,253.05,1
12830.0,21,6,6348.08,0
12831.0,192,1,215.05,1
12832.0,28,1,267.8,0
12833.0,75,1,417.38,1
12834.0,212,1,312.38,1
12836.0,67,3,2112.53,0
12837.0,103,1,134.1,1
12838.0,303,1,390.79,0
12839.0,1,11,3372.75,0
12840.0,73,6,2714.27,1
12841.0,19,18,3071.51,0
12842.0,238,1,310.73,1
12843.0,89,8,1670.81,0
12844.0,60,1,174.88,0
12845.0,197,4,354.09,1
12849.0,198,1,704.5,0
12851.0,26,1,135.18,1
12852.0,220,2,299.75,1
12853.0,37,9,1881.7,1
12854.0,8,5,1289.15,1
12855.0,302,1,38.1,1
12857.0,140,2,1106.4,1
12863.0,129,1,-17.0,0
12864.0,68,1,147.12,1
12865.0,53,2,961.22,0
12866.0,213,1,559.12,1
12867.0,26,8,3004.19,0
12868.0,115,6,1607.0600000000002,1
12870.0,296,1,-14.899999999999999,1
12871.0,14,2,380.64,1
12872.0,256,2,599.97,1
12873.0,212,1,374.0,1
12875.0,73,2,343.2300000000001,1
12876.0,126,1,726.43,0
12877.0,8,10,1160.3700000000001,0
12878.0,166,2,854.99,0
12879.0,8,3,487.05,0
12881.0,205,1,298.0,1
12883.0,19,1,291.63,0
12884.0,18,1,309.05,1
12885.0,50,2,628.4,0
12886.0,143,2,747.69,0
12888.0,144,4,313.77,1
12891.0,115,3,331.0,1
12895.0,7,2,242.3,0
12897.0,134,2,216.5,1
12901.0,11,27,12103.83,0
12902.0,194,1,138.68,1
12904.0,102,1,244.69,0
12906.0,8,2,1936.5900000000001,0
12908.0,106,3,360.0,0
12909.0,7,7,1807.51,0
12910.0,8,5,2050.18,0
12913.0,212,3,866.39,0
12915.0,78,2,363.65,1
12916.0,68,5,2982.35,1
12917.0,58,1,594.0,1
12919.0,15,5,407.9,0
12921.0,14,38,11247.83,0
12922.0,91,1,405.38,1
12924.0,18,5,929.95,1
12925.0,4,1,368.31,0
12928.0,77,3,1136.14,0
12929.0,52,2,105.1,1
12930.0,8,4,409.9,1
12931.0,30,14,24987.75,0
12933.0,101,3,356.24,0
12935.0,39,5,1531.09,0
12936.0,8,1,798.46,0
12937.0,1,3,826.44,0
12939.0,9,6,9036.12,0
12940.0,17,1,361.27,0
12942.0,61,3,683.9,1
12943.0,231,1,-3.75,1
12944.0,284,1,286.95,0
12945.0,218,1,462.95,1
12947.0,73,11,1407.29,1
12948.0,30,5,1412.71,0
12949.0,44,9,3425.2200000000003,0
12951.0,93,7,729.78,0
12952.0,8,1,731.54,0
12955.0,22,9,1820.4599999999998,0
12956.0,236,1,108.07,1
12957.0,1,8,2624.87,0
12962.0,43,1,170.54000000000002,0
12963.0,14,3,604.11,0
12965.0,19,1,771.91,1
12967.0,232,3,1630.95,0
12968.0,42,1,135.95,1
12970.0,252,2,23.8,0
12971.0,3,70,8394.15,0
12974.0,127,1,144.8,1
12976.0,141,1,738.6,1
12977.0,86,1,39.239999999999995,1
12980.0,85,12,7092.06,1
12981.0,63,1,187.18,0
12982.0,169,2,377.2,1
12987.0,3,3,545.0,1
12988.0,222,1,535.32,1
12989.0,10,12,5098.66,0
12990.0,115,2,263.9,0
12991.0,42,1,303.56,0
12993.0,50,3,372.4,0
12994.0,37,4,573.27,0
12995.0,7,2,200.72,1
12997.0,15,6,887.44,0
12999.0,126,3,455.88,1
13000.0,36,3,534.85,1
13001.0,88,13,8594.52,0
13002.0,248,1,120.94999999999999,1
13003.0,35,3,149.05,1
13004.0,7,16,4088.7,0
13005.0,103,3,468.95,1
13008.0,253,2,178.46999999999997,1
13011.0,302,1,50.550000000000004,1
13012.0,8,7,870.62,0
13013.0,22,11,3662.14,0
13014.0,2,11,2331.98,0
13015.0,127,4,1763.04,0
13016.0,3,3,789.89,1
13018.0,2,22,5673.22,0
13021.0,87,7,1120.49,0
13023.0,59,1,336.40000000000003,0
13026.0,15,4,587.61,0
13027.0,43,6,6912.0,1
13029.0,68,2,773.1999999999999,0
13030.0,298,1,427.74,0
13032.0,17,1,496.3,0
13033.0,287,1,190.55,1
13034.0,299,1,165.86,0
13035.0,3,2,921.88,0
13037.0,68,3,881.07,1
13038.0,10,3,908.46,1
13043.0,183,2,471.57,1
13044.0,221,1,560.47,1
13045.0,29,1,305.28000000000003,1
13046.0,196,1,197.72,0
13047.0,43,14,2559.42,0
13048.0,42,4,1345.05,0
13049.0,248,1,153.78,0
13050.0,30,22,4378.59,0
13052.0,142,1,348.15000000000003,1
13055.0,8,3,1214.41,0
13058.0,81,1,47.550000000000004,0
13059.0,179,1,183.4,1
13060.0,183,1,307.53,1
13061.0,2,1,248.61,1
13062.0,121,1,346.98,1
13064.0,18,3,842.33,0
13065.0,303,1,205.86,1
13067.0,12,1,115.46000000000001,1
13068.0,249,1,165.0,0
13069.0,29,22,3460.36,0
13070.0,122,1,228.8,1
13072.0,196,1,177.15,1
13075.0,59,1,919.61,1
13077.0,220,3,577.44,0
13078.0,12,29,8268.07,0
13079.0,5,3,172.4,0
13080.0,109,1,58.08,1
13081.0,59,13,18565.97,0
13082.0,56,10,3595.48,1
13083.0,5,1,192.39,0
13085.0,87,3,272.38,1
13089.0,2,97,44221.01,0
13090.0,42,12,4704.84,0
13092.0,141,5,421.75,1
13093.0,197,13,7741.47,1
13094.0,10,15,1556.2200000000003,0
13097.0,7,13,5362.18,0
13098.0,17,28,17165.07,0
13099.0,29,1,207.35999999999999,1
13101.0,164,1,101.19,1
13102.0,11,23,5205.04,0
13104.0,15,4,579.0,0
13106.0,58,2,59.5,1
13107.0,15,4,1399.8700000000001,0
13108.0,302,1,350.06,1
13109.0,64,2,364.9,0
13110.0,67,6,1006.44,0
13113.0,43,34,9741.81,0
13115.0,2,9,843.55,0
13116.0,47,2,485.19,1
13117.0,51,7,841.77,0
13118.0,138,4,786.2900000000001,0
13120.0,168,1,30.599999999999998,1
13121.0,199,2,254.73,1
13122.0,24,2,922.39,1
13124.0,19,3,3866.33,1
13126.0,2,7,1362.58,0
13127.0,7,1,259.17,1
13130.0,24,1,64.0,1
13131.0,1,2,772.2,0
13132.0,191,1,77.3,1
13133.0,203,2,109.8,1
13134.0,2,7,1740.63,1
13135.0,126,1,3096.0,1
13136.0,15,9,2106.1,0
13137.0,21,6,1885.71,0
13138.0,10,4,687.89,0
13139.0,2,4,3584.56,0
13140.0,38,3,423.72,1
13141.0,14,6,2385.8,1
13144.0,262,1,110.95,1
13145.0,16,4,495.97,0
13147.0,29,1,118.80000000000001,0
13148.0,37,15,2431.23,0
13149.0,36,3,1132.62,0
13151.0,133,2,1250.3700000000001,1
13154.0,74,1,-611.86,1
13155.0,9,3,882.5,0
13157.0,71,4,853.55,0
13158.0,24,4,1201.06,1
13159.0,35,3,793.49,0
13161.0,243,1,112.75,1
13162.0,52,5,1644.99,1
13165.0,281,1,354.64,0
13166.0,212,2,414.7,1
13167.0,60,2,417.55,0
13168.0,129,4,963.61,0
13169.0,182,1,505.2,0
13171.0,229,1,140.35,0
13173.0,297,1,165.94,0
13174.0,246,2,2108.27,0
13178.0,3,9,5156.7300000000005,0
13183.0,16,7,3085.5800000000004,0
13184.0,60,11,1451.94,0
13185.0,197,1,71.4,1
13186.0,23,4,1265.74,0
13187.0,267,1,236.02,1
13189.0,45,1,127.0,0
13192.0,25,2,911.94,1
13194.0,65,1,60.7,1
13196.0,14,2,1586.95,0
13198.0,50,6,2998.23,0
13199.0,22,23,4727.0,0
13200.0,4,2,627.01,0
13203.0,50,2,309.86,0
13207.0,80,1,197.52000000000004,0
13208.0,85,4,835.0699999999999,0
13209.0,37,8,4084.63,0
13210.0,23,1,353.48,1
13211.0,25,2,886.64,0
13213.0,58,5,961.73,0
13216.0,197,1,333.74,1
13217.0,52,5,133.62,1
13218.0,57,1,62.63999999999999,1
13220.0,8,4,819.2900000000001,1
13221.0,170,2,847.41,1
13223.0,130,2,163.20000000000002,1
13224.0,81,1,1212.26,0
13225.0,73,6,3918.76,0
13226.0,203,1,108.21000000000001,1
13227.0,131,1,257.7,1
13228.0,11,1,358.0,1
13229.0,155,1,160.95,1
13230.0,68,13,2190.62,0
13232.0,28,5,1048.3,0
13233.0,4,2,605.12,1
13235.0,141,2,101.17000000000007,1
13236.0,18,2,421.65,0
13238.0,93,2,318.85,0
13239.0,191,1,329.56,1
13240.0,26,4,663.65,1
13242.0,42,3,270.40000000000003,1
13243.0,133,1,600.07,1
13244.0,22,1,121.74000000000001,1
13246.0,106,5,1860.99,0
13247.0,12,1,305.07,0
13248.0,54,2,465.68,1
13249.0,22,3,711.41,1
13253.0,86,2,1030.4,1
13255.0,303,1,225.7,0
13258.0,135,1,224.62,0
13261.0,198,2,944.1,1
13262.0,193,1,200.29,1
13263.0,17,24,5146.99,0
13265.0,18,4,1802.3,0
13266.0,5,14,2766.86,0
13267.0,22,21,3025.49,0
13268.0,14,10,2429.97,0
13269.0,18,10,3314.98,0
13270.0,296,1,590.0,1
13272.0,19,1,140.96,0
13273.0,43,1,138.98,1
13276.0,29,1,137.38,0
13277.0,46,2,125.9,0
13279.0,8,1,137.75,0
13280.0,52,3,814.86,1
13282.0,8,5,688.8000000000001,0
13283.0,115,1,25.5,0
13284.0,252,2,196.15,1
13285.0,91,3,1970.1,0
13291.0,85,1,361.11,1
13292.0,214,1,249.57,0
13294.0,119,2,873.74,1
13295.0,289,2,197.95000000000002,1
13296.0,67,1,87.4,1
13299.0,198,1,142.5,1
13300.0,94,2,365.29,1
13301.0,33,4,618.09,1
13302.0,85,1,63.75,1
13304.0,281,1,300.42,1
13305.0,22,8,1471.25,0
13307.0,50,1,15.0,1
13308.0,120,2,797.0500000000001,0
13309.0,18,3,928.14,0
13310.0,130,4,785.85,0
13311.0,80,1,490.11,0
13313.0,71,3,918.34,0
13314.0,3,1,499.62,0
13316.0,9,4,4301.32,0
13317.0,113,7,1192.8700000000001,0
13319.0,15,29,7209.26,0
13320.0,8,5,1506.7,1
13321.0,2,2,567.36,1
13323.0,14,1,120.30000000000001,0
13324.0,19,10,6404.98,0
13325.0,11,1,675.3,1
13327.0,42,8,2728.55,0
13328.0,246,1,1308.48,1
13329.0,284,3,255.59999999999997,0
13330.0,22,3,1140.93,1
13334.0,12,3,3536.82,1
13336.0,7,1,795.12,1
13338.0,84,3,431.82,1
13339.0,130,1,860.12,1
13340.0,35,5,9229.54,0
13341.0,190,1,775.85,1
13343.0,102,2,303.93,1
13344.0,207,1,1656.15,0
13345.0,206,2,377.6,1
13350.0,9,1,646.57,0
13354.0,1,1,743.53,1
13355.0,52,1,674.7,1
13356.0,10,1,768.24,1
13357.0,187,1,609.95,1
13358.0,198,1,439.03,1
13362.0,175,2,1581.53,0
13364.0,1,1,134.95999999999998,0
13365.0,147,1,700.6,0
13368.0,186,2,623.4,1
13369.0,284,2,263.75,1
13370.0,296,2,721.32,1
13372.0,19,1,378.64,1
13373.0,88,2,2055.58,0
13375.0,11,2,772.9,1
13376.0,29,3,1019.76,1
13379.0,66,1,136.29,0
13381.0,19,5,2982.23,0
13382.0,210,1,222.99,1
13384.0,3,7,3101.82,0
13385.0,259,1,534.57,1
13388.0,51,3,627.15,1
13389.0,4,2,580.15,0
13390.0,4,1,544.08,1
13391.0,133,1,59.8,1
13394.0,8,6,1846.19,0
13395.0,115,1,307.72,1
13396.0,242,2,370.92,0
13397.0,2,6,1539.18,1
13398.0,122,1,457.34,1
13402.0,57,2,621.23,1
13404.0,142,1,217.81,0
13405.0,4,3,572.451,1
13408.0,5,60,19957.22,0
13410.0,4,5,722.81,0
13411.0,37,1,213.55,1
13414.0,63,3,1390.5,1
13416.0,11,1,275.0,0
13417.0,135,1,236.0,0
13418.0,9,20,4787.84,0
13420.0,64,4,140.35,1
13421.0,220,2,822.94,0
13425.0,38,3,1624.21,1
13426.0,19,6,2010.65,0
13427.0,50,2,464.86,0
13429.0,5,1,330.6,0
13430.0,2,3,305.55,0
13431.0,18,1,853.68,0
13434.0,4,2,534.24,1
13435.0,5,5,1961.77,0
13437.0,29,4,2173.6,0
13439.0,185,1,283.71,1
13441.0,21,1,296.64,1
13448.0,9,9,2415.35,0
13450.0,19,5,1727.28,0
13451.0,56,5,2403.69,0
13452.0,189,2,590.0,1
13453.0,95,2,356.97999999999996,1
13455.0,130,3,641.95,0
13456.0,85,4,826.1600000000001,0
13458.0,21,17,7602.97,0
13461.0,68,2,884.2,0
13462.0,113,2,143.25,1
13466.0,30,2,297.95,1
13468.0,4,33,4826.82,0
13470.0,29,2,165.0,1
13473.0,260,2,236.16,0
13474.0,166,1,229.59,1
13475.0,121,4,1431.78,1
13476.0,108,4,1092.77,1
13477.0,68,6,886.5,0
13479.0,128,3,291.0,1
13481.0,4,7,1333.58,0
13482.0,162,1,184.64,1
13484.0,171,1,313.8,1
13485.0,163,1,454.24,1
13486.0,8,3,1122.41,1
13487.0,143,2,408.8,0
13488.0,2,15,7309.49,0
13489.0,35,4,449.52,1
13491.0,77,9,1088.45,0
13492.0,66,3,1269.84,1
13493.0,205,2,618.63,1
13494.0,241,1,316.26000000000005,1
13495.0,162,4,1017.6800000000001,0
13496.0,288,2,465.61,0
13497.0,212,3,321.05,1
13499.0,3,4,604.65,0
13500.0,52,1,326.4,0
13501.0,172,2,1310.47,1
13502.0,204,2,189.16,0
13503.0,1,1,216.85,1
13505.0,2,7,4299.63,0
13506.0,242,3,452.82,1
13507.0,28,3,2022.79,0
13508.0,173,1,110.97,1
13509.0,29,5,705.02,0
13510.0,25,3,891.41,0
13512.0,190,1,251.21,1
13513.0,56,1,205.1,1
13514.0,3,1,152.20000000000002,1
13515.0,2,4,891.12,1
13516.0,2,2,620.41,0
13517.0,36,4,1592.83,0
13518.0,15,1,659.4399999999999,1
13519.0,8,1,122.75,0
13520.0,58,7,2811.38,0
13523.0,106,4,2159.74,0
13524.0,11,4,483.86,0
13525.0,178,1,282.88,0
13527.0,19,7,1837.39,0
13529.0,8,2,307.76,1
13531.0,135,2,483.8,1
13533.0,112,3,270.79,1
13534.0,30,37,4155.55,0
13536.0,5,1,455.17,0
13538.0,24,6,990.75,0
13539.0,15,4,605.84,1
13544.0,170,1,122.91,0
13546.0,130,1,188.16,0
13548.0,26,2,682.41,1
13549.0,72,6,759.97,0
13551.0,249,1,91.80000000000001,1
13552.0,11,15,3114.01,0
13555.0,3,4,4149.28,1
13557.0,210,1,240.68,0
13561.0,145,1,141.85999999999999,1
13562.0,11,3,1799.33,1
13563.0,14,2,777.53,1
13564.0,74,5,647.74,1
13565.0,264,1,110.17999999999999,0
13566.0,12,1,585.1800000000001,0
13568.0,103,1,192.85,1
13569.0,297,1,118.32,0
13570.0,173,1,239.49,1
13571.0,22,7,1083.83,0
13572.0,135,1,1384.25,1
13573.0,183,1,31.770000000000003,0
13575.0,63,2,218.75,0
13576.0,1,16,5329.34,0
13577.0,18,4,1164.5,0
13579.0,299,1,164.70000000000002,0
13581.0,239,1,118.0,1
13583.0,85,1,781.03,1
13584.0,236,1,142.4,1
13588.0,16,7,1583.83,0
13589.0,109,1,147.0,0
13590.0,71,5,1110.58,0
13591.0,134,2,776.23,0
13592.0,135,3,205.51,0
13593.0,38,6,1990.28,1
13599.0,11,20,2746.44,0
13600.0,242,1,219.52,1
13601.0,141,1,373.2,0
13606.0,173,2,250.42,0
13610.0,40,6,768.26,0
13611.0,19,4,1158.2,1
13614.0,19,3,1097.13,0
13615.0,242,2,399.99,1
13617.0,43,2,365.7,0
13618.0,103,1,177.34,1
13621.0,46,1,213.85,1
13623.0,140,5,532.02,0
13626.0,182,1,257.23,1
13627.0,8,6,1319.73,0
13629.0,29,8,5718.36,0
13630.0,5,10,1763.68,0
13631.0,29,12,3021.77,1
13632.0,103,4,810.35,0
13634.0,16,4,1372.28,0
13636.0,52,5,639.05,0
13637.0,117,2,684.85,0
13639.0,4,1,1033.34,1
13642.0,145,1,354.8,1
13643.0,28,2,259.40000000000003,0
13644.0,3,2,1398.6100000000001,0
13645.0,50,1,252.1,1
13647.0,1,3,1275.9,0
13649.0,186,2,346.6,1
13650.0,18,4,1036.48,0
13652.0,186,2,638.24,0
13654.0,75,4,1714.27,0
13655.0,44,2,932.97,1
13656.0,94,2,379.65,1
13657.0,131,1,152.34,0
13658.0,15,5,1879.07,0
13659.0,127,3,1550.85,1
13662.0,15,7,879.08,1
13663.0,109,1,189.47,1
13666.0,217,2,64.05,0
13667.0,79,1,305.02,1
13668.0,43,22,4864.97,0
13669.0,79,1,48.150000000000006,0
13670.0,5,1,349.7,1
13672.0,231,6,-71.46,1
13675.0,81,2,486.82000000000005,1
13678.0,81,1,232.6,1
13680.0,266,3,871.48,0
13681.0,85,1,203.46,0
13682.0,117,1,59.5,1
13684.0,215,2,64.23,1
13686.0,112,1,72.0,1
13692.0,133,4,850.13,0
13693.0,255,2,-32.0,1
13694.0,1,50,49347.54,0
13695.0,11,13,2096.95,0
13699.0,85,1,308.58000000000004,1
13700.0,22,8,1651.26,0
13703.0,248,1,99.5,1
13704.0,3,5,1289.4,0
13705.0,74,2,522.68,0
13706.0,232,1,330.79,1
13707.0,197,2,806.41,1
13708.0,201,1,296.88,1
13709.0,18,8,2878.22,0
13711.0,148,2,252.06,1
13712.0,176,1,228.84,1
13715.0,211,8,1053.94,1
13716.0,199,1,138.28,1
13717.0,58,5,943.24,0
13718.0,176,2,306.55,1
13719.0,135,2,338.74,0
13720.0,46,4,799.9,1
13722.0,50,4,2369.16,1
13723.0,147,1,199.85000000000002,1
13725.0,1,10,1694.95,0
13726.0,30,1,292.68,0
13728.0,37,5,797.02,0
13730.0,65,2,752.6,1
13731.0,149,2,610.59,1
13735.0,105,4,1335.55,0
13736.0,190,2,349.63,0
13737.0,130,1,339.59999999999997,1
13740.0,170,1,350.75,1
13741.0,1,4,666.33,1
13742.0,19,13,2763.02,0
13743.0,18,7,1064.3899999999999,0
13744.0,25,2,1156.36,1
13745.0,81,2,291.54,1
13747.0,303,1,79.6,1
13748.0,25,5,948.25,1
13750.0,70,4,1316.63,0
13751.0,218,1,296.25,1
13752.0,54,6,1186.28,1
13753.0,217,1,741.26,1
13754.0,81,2,282.59999999999997,1
13756.0,23,8,2972.3300000000004,0
13758.0,131,5,2351.52,0
13759.0,1,1,560.4100000000001,0
13760.0,186,1,135.09,0
13761.0,109,1,491.71000000000004,0
13762.0,134,2,3.552713678800501e-15,1
13763.0,88,2,-25.5,0
13764.0,74,2,945.63,1
13767.0,10,46,13110.57,0
13769.0,22,13,2153.67,0
13771.0,109,3,1462.1000000000001,0
13772.0,26,2,686.22,0
13774.0,11,1,345.0,1
13777.0,7,32,12819.25,0
13778.0,33,1,178.7,1
13780.0,100,1,116.28000000000002,0
13781.0,180,1,127.84,1
13782.0,54,3,487.93,0
13784.0,24,9,2124.15,0
13786.0,297,1,230.39999999999998,1
13787.0,5,2,309.04,1
13791.0,57,2,1516.0,0
13792.0,217,1,74.60000000000001,0
13798.0,2,50,29729.170000000002,0
13799.0,46,2,688.86,1
13800.0,239,1,558.32,1
13802.0,68,6,3906.27,1
13803.0,185,1,277.07,1
13804.0,8,5,2282.98,0
13805.0,59,1,500.24,0
13807.0,297,1,112.6,1
13808.0,23,2,723.1,0
13809.0,235,1,155.05,1
13811.0,113,4,591.75,1
13812.0,35,1,278.74,0
13813.0,19,3,663.9300000000001,0
13814.0,22,2,1579.12,0
13815.0,78,3,2965.3,0
13817.0,281,1,128.7,0
13819.0,231,3,1140.35,1
13821.0,74,2,385.64,1
13823.0,21,1,650.42,0
13824.0,65,4,1429.84,0
13826.0,88,2,174.65,1
13827.0,63,2,300.76,0
13829.0,289,1,-102.0,1
13831.0,17,5,1795.59,0
13833.0,89,1,384.8,1
13835.0,85,2,537.34,0
13837.0,141,2,271.24,1
13838.0,47,3,479.59,0
13841.0,182,1,85.0,1
13842.0,2,8,2803.93,0
13846.0,172,3,646.48,0
13848.0,22,3,1255.0,1
13849.0,100,1,593.5799999999999,0
13850.0,18,2,1586.81,1
13851.0,25,3,2651.46,1
13854.0,18,25,6686.86,0
13856.0,98,5,363.4,1
13859.0,256,1,201.16,1
13860.0,11,2,399.98,0
13862.0,2,9,2067.65,0
13863.0,175,2,299.56,1
13865.0,66,3,383.34000000000003,0
13866.0,4,1,145.67000000000002,1
13867.0,4,2,592.84,0
13869.0,53,4,3104.95,1
13870.0,31,6,2162.67,0
13871.0,15,10,4599.1900000000005,0
13873.0,49,4,381.7,1
13874.0,288,1,540.45,1
13875.0,63,4,1424.8,0
13877.0,16,1,117.24,1
13880.0,17,11,2501.02,0
13881.0,1,13,9656.18,0
13883.0,130,7,1643.2,0
13884.0,19,5,534.2,0
13885.0,119,2,506.8,1
13886.0,1,1,243.56,1
13887.0,134,1,349.55,1
13888.0,49,2,605.63,1
13889.0,22,1,416.90000000000003,1
13890.0,37,3,496.01,0
13892.0,176,1,54.519999999999996,0
13893.0,227,1,821.1,1
13894.0,232,2,150.95,0
13895.0,73,2,937.3000000000001,0
13898.0,255,1,155.93,1
13899.0,204,1,298.5,0
13900.0,113,3,740.95,1
13901.0,2,5,2867.2,1
13904.0,224,1,201.12,0
13908.0,9,5,2347.05,1
13911.0,74,8,2437.63,0
13917.0,121,1,65.38,0
13918.0,183,1,198.2,0
13919.0,51,1,213.15,0
13922.0,281,1,172.25,1
13924.0,2,1,679.03,0
13925.0,22,5,629.4,0
13927.0,4,1,348.99,1
13928.0,36,2,225.45000000000002,0
13929.0,99,3,802.85,1
13930.0,66,1,210.0,0
13931.0,15,3,1230.93,1
13932.0,224,1,307.4,1
13933.0,39,2,608.7900000000001,1
13934.0,193,1,922.1,1
13936.0,101,2,361.28,1
13937.0,99,1,158.85,1
13939.0,38,3,378.40999999999997,0
13940.0,46,2,391.06,0
13941.0,19,6,3658.75,0
13946.0,9,3,561.5699999999999,1
13948.0,290,1,102.0,1
13949.0,7,2,909.26,0
13950.0,3,2,323.65999999999997,0
13951.0,106,3,674.45,1
13952.0,141,3,3246.091,1
13953.0,45,5,2604.36,0
13955.0,84,2,322.96,1
13956.0,68,3,680.27,0
13958.0,302,1,-102.45,1
13959.0,9,3,598.2,1
13960.0,1,1,128.1,0
13962.0,175,1,117.6,0
13963.0,238,4,664.54,1
13967.0,75,1,80.7,1
13969.0,37,11,3911.35,0
13971.0,36,8,1938.16,0
13972.0,131,1,145.9,1
13973.0,217,1,264.7,1
13975.0,58,5,1474.66,0
13976.0,136,1,357.98,1
13979.0,3,1,869.87,1
13982.0,93,4,1219.44,0
13983.0,18,9,2063.54,0
13984.0,56,5,386.85,0
13985.0,1,9,3755.66,0
13988.0,2,5,3178.66,0
13989.0,169,1,896.6700000000001,0
13990.0,143,1,311.3,1
13991.0,5,2,340.29,0
13993.0,14,9,2604.71,0
13994.0,7,3,780.63,0
13995.0,45,4,861.7,0
13999.0,16,12,2832.42,0
14000.0,136,2,633.71,1
14001.0,101,3,1296.39,0
14002.0,64,2,529.73,1
14004.0,8,6,3769.4900000000002,0
14005.0,5,4,977.68,0
14006.0,45,3,962.19,1
14009.0,128,3,685.9300000000001,1
14012.0,207,1,328.8,1
14013.0,40,3,473.02,1
14014.0,7,1,505.18,1
14016.0,84,5,4328.46,1
14019.0,15,3,777.88,0
14020.0,18,1,331.14,0
14021.0,85,3,631.9,1
14022.0,155,1,440.0,1
14023.0,180,1,273.14,0
14024.0,51,2,327.7,1
14029.0,74,1,165.20000000000002,0
14030.0,19,7,1816.81,0
14031.0,4,17,9982.93,0
14032.0,17,12,2107.67,0
14034.0,87,3,334.11,0
14035.0,37,3,837.26,0
14036.0,214,1,626.65,1
14037.0,106,2,147.20000000000002,1
14038.0,8,4,1554.48,1
14040.0,24,13,2675.58,0
14041.0,196,1,141.41,1
14044.0,33,3,542.11,0
14045.0,39,4,1659.75,1
14046.0,214,1,154.99,1
14047.0,3,6,938.86,0
14048.0,207,2,375.13,1
14049.0,88,4,3273.37,0
14050.0,36,1,485.98,0
14051.0,21,19,9138.79,0
14053.0,54,2,260.25,1
14055.0,36,1,725.6400000000001,1
14056.0,14,23,5587.13,0
14057.0,19,15,5072.98,0
14059.0,196,1,183.6,1
14060.0,9,17,5130.56,0
14062.0,1,11,9225.470000000001,0
14064.0,43,5,942.16,0
14066.0,196,1,152.55,1
14067.0,26,1,224.67,0
14068.0,250,1,265.85,1
14071.0,171,3,225.4,0
14075.0,191,1,307.92,0
14076.0,59,1,122.47,1
14077.0,8,4,366.7,0
14078.0,31,6,1049.37,1
14079.0,54,1,375.1,1
14081.0,197,4,904.67,1
14082.0,294,1,182.25,1
14083.0,56,7,548.92,0
14085.0,71,13,3235.44,0
14088.0,58,8,25431.57,0
14090.0,254,1,76.32000000000001,1
14092.0,29,12,2735.77,0
14096.0,4,13,8037.22,0
14099.0,50,9,2298.72,0
14100.0,67,1,194.9,1
14101.0,3,6,5976.79,1
14104.0,84,2,216.20999999999998,1
14105.0,15,2,1260.33,1
14107.0,26,7,2447.19,0
14108.0,21,2,287.58,0
14109.0,2,1,144.2,0
14110.0,16,8,4152.11,0
14111.0,15,4,291.25,0
14112.0,43,8,1809.92,0
14113.0,8,5,467.63000000000005,0
14114.0,203,2,386.53,1
14116.0,22,2,628.87,0
14117.0,73,1,90.0,1
14119.0,284,1,-19.9,1
14124.0,14,1,419.58000000000004,1
14125.0,8,1,1295.43,0
14127.0,52,3,709.71,1
14128.0,185,1,305.54,0
14129.0,25,3,726.23,0
14130.0,249,1,483.86,1
14132.0,17,6,1900.2,0
14133.0,59,5,590.3399999999999,1
14135.0,5,11,3514.32,0
14141.0,3,3,464.36,0
14142.0,303,1,311.81,1
14143.0,63,1,115.8,1
14145.0,63,4,2257.2,0
14146.0,11,5,1724.41,0
14147.0,8,2,483.4,0
14148.0,163,1,157.2,1
14149.0,142,3,259.43,1
14150.0,289,1,306.18,0
14152.0,5,3,611.09,1
14154.0,169,2,1345.62,1
14155.0,196,1,118.75,1
14156.0,23,47,95030.91,0
14157.0,215,2,244.72000000000003,0
14159.0,11,11,3132.96,0
14161.0,145,3,1110.52,1
14162.0,103,2,289.36,1
14163.0,17,4,2445.91,1
14164.0,10,1,1273.77,1
14165.0,205,1,122.53999999999999,1
14167.0,95,3,402.1,0
14171.0,28,1,363.79,1
14173.0,149,1,114.04,0
14175.0,45,5,1127.8899999999999,0
14176.0,227,5,574.0,1
14177.0,14,5,554.46,1
14178.0,28,3,493.36,0
14180.0,21,28,4151.17,0
14185.0,261,1,197.65,1
14188.0,1,7,1711.31,0
14189.0,26,16,3241.9,0
14191.0,10,9,2500.54,0
14193.0,199,1,422.53999999999996,0
14194.0,5,22,6869.84,0
14195.0,131,3,962.7,1
14196.0,36,1,335.52,1
14198.0,9,5,499.1,0
14199.0,148,1,185.39999999999998,1
14201.0,10,8,567.74,0
14205.0,194,2,-15.3,0
14206.0,169,2,308.26,1
14208.0,24,1,151.74,1
14209.0,51,6,1870.03,0
14210.0,21,7,1900.89,1
14211.0,10,10,1310.04,0
14212.0,19,1,1070.48,1
14213.0,301,1,-1192.2,1
14214.0,86,5,895.01,0
14215.0,7,6,1332.1100000000001,0
14217.0,4,15,1419.8500000000001,0
14220.0,177,2,632.4,1
14221.0,10,9,3083.94,0
14222.0,107,1,683.17,1
14223.0,22,4,975.23,1
14224.0,40,4,1050.12,1
14226.0,129,4,1678.85,0
14227.0,15,13,3021.4,0
14229.0,221,4,665.53,0
14231.0,109,5,822.0600000000001,1
14232.0,45,6,1570.84,0
14233.0,141,3,959.1,0
14235.0,5,5,3144.86,0
14236.0,10,2,490.86,1
14237.0,303,1,161.0,1
14238.0,256,1,146.85,1
14239.0,1,12,2162.04,0
14240.0,155,1,226.85,0
14241.0,113,1,213.70000000000002,1
14242.0,164,2,280.55,1
14243.0,21,12,2253.06,0
14245.0,106,5,1677.48,1
14246.0,40,3,1474.06,1
14247.0,208,1,136.76999999999998,1
14248.0,248,1,302.58,1
14250.0,19,1,1228.83,0
14256.0,184,3,935.0600000000001,1
14257.0,53,4,2725.84,0
14258.0,19,9,11278.48,0
14259.0,71,1,120.0,1
14261.0,8,1,943.75,0
14262.0,14,4,1379.3,0
14264.0,84,3,319.47,1
14265.0,39,2,530.18,1
14267.0,80,7,1279.09,1
14270.0,261,1,492.65000000000003,1
14271.0,155,1,112.32,1
14272.0,3,2,437.96,1
14273.0,66,3,450.05,0
14276.0,18,5,1019.39,1
14277.0,142,1,1637.43,0
14280.0,126,1,134.04,1
14282.0,11,10,2796.74,0
14284.0,9,2,235.3,0
14285.0,5,2,1253.43,0
14286.0,18,2,2027.34,0
14287.0,112,3,57.88,0
14288.0,142,2,413.85,1
14289.0,64,5,832.78,0
14290.0,11,3,1063.9,0
14291.0,43,8,2345.59,0
14292.0,16,9,3093.05,0
14293.0,77,3,739.41,0
14295.0,262,1,-11.5,0
14297.0,204,1,232.6,0
14298.0,2,41,44237.46,0
14299.0,3,14,1735.09,0
14301.0,37,2,632.04,1
14304.0,152,2,197.1,1
14305.0,1,5,1803.76,1
14306.0,9,2,1693.04,0
14307.0,18,6,2995.72,1
14309.0,23,8,1600.8500000000001,0
14311.0,155,2,229.71,1
14312.0,21,5,1047.19,0
14314.0,36,1,120.0,1
14315.0,59,5,1550.15,0
14320.0,136,3,343.11,1
14321.0,3,4,1230.59,0
14323.0,44,4,574.26,1
14326.0,164,2,166.85,1
14327.0,93,1,311.65,1
14329.0,38,8,3443.78,0
14331.0,54,2,462.65999999999997,1
14332.0,77,1,119.04,0
14334.0,23,8,2315.96,0
14335.0,26,1,359.25,0
14336.0,128,3,1114.39,0
14338.0,88,4,554.22,1
14339.0,164,4,289.90999999999997,1
14340.0,148,1,134.7,1
14341.0,60,7,1123.6200000000001,0
14342.0,67,4,358.89,0
14344.0,57,8,889.9300000000001,1
14346.0,50,2,1021.58,1
14348.0,190,1,409.57,1
14350.0,200,2,258.7,1
14351.0,94,1,51.0,1
14352.0,87,4,1078.96,1
14353.0,145,1,90.6,1
14355.0,295,1,174.4,1
14356.0,3,3,682.24,0
14359.0,17,1,483.39,0
14360.0,24,1,1134.69,0
14364.0,38,8,3717.35,1
14367.0,5,15,6856.24,0
14368.0,249,1,155.0,1
14371.0,225,1,100.5,1
14373.0,288,1,76.55,1
14375.0,115,1,257.68,1
14377.0,121,2,617.05,1
14379.0,225,1,110.98,0
14383.0,93,1,242.09,0
14386.0,226,1,142.4,1
14387.0,4,2,929.74,0
14388.0,21,7,2264.32,0
14389.0,81,3,292.8,0
14390.0,74,6,1570.51,0
14393.0,148,1,67.95,1
14395.0,2,9,2612.33,0
14396.0,301,1,110.35000000000001,0
14397.0,3,13,1082.59,0
14400.0,71,2,559.7,1
14401.0,10,11,3384.88,0
14403.0,60,5,1426.31,1
14404.0,38,6,1307.92,0
14406.0,49,1,156.75,1
14407.0,37,9,2111.08,1
14408.0,24,6,2298.31,0
14409.0,1,7,1908.25,1
14410.0,22,14,713.15,0
14411.0,240,1,1063.0,1
14412.0,2,1,462.45,0
14413.0,292,1,122.7,1
14414.0,21,8,1485.1299999999999,1
14415.0,28,13,3727.59,0
14418.0,38,1,150.44,0
14419.0,3,3,541.21,0
14420.0,15,2,385.87,1
14421.0,141,1,455.18,0
14422.0,100,2,1032.15,0
14423.0,148,1,265.2,1
14426.0,70,10,2360.59,0
14428.0,9,4,529.88,0
14431.0,228,2,397.76,1
14432.0,19,1,254.75,0
14434.0,2,1,310.8,0
14436.0,28,1,89.06,1
14437.0,73,2,-43.400000000000006,1
14438.0,236,1,131.9,1
14439.0,249,1,2661.24,1
14440.0,2,3,1558.73,0
14441.0,24,5,601.3000000000001,0
14442.0,128,4,1548.87,0
14443.0,68,6,972.2,0
14446.0,10,2,685.22,0
14447.0,126,2,601.03,0
14448.0,294,1,102.35000000000001,0
14449.0,176,2,401.3,0
14450.0,110,3,483.25,1
14451.0,124,1,360.0,0
14452.0,23,1,127.37,0
14453.0,120,1,119.93,1
14456.0,3,7,1832.32,0
14457.0,240,1,113.64,1
14459.0,85,1,1837.92,1
14460.0,40,4,383.34,1
14461.0,78,3,2103.06,1
14462.0,14,13,1667.98,0
14463.0,28,3,529.62,1
14465.0,176,3,1058.6200000000001,1
14466.0,3,6,1785.65,0
14467.0,242,1,131.7,0
14470.0,217,1,297.64,0
14472.0,33,8,1936.84,1
14473.0,4,2,234.34000000000003,1
14475.0,1,6,799.82,1
14476.0,187,1,215.7,1
14477.0,114,2,523.0,0
14479.0,183,2,316.25,1
14481.0,94,2,636.51,1
14482.0,29,2,465.95000000000005,0
14483.0,79,2,129.2,1
14487.0,12,5,834.7099999999999,0
14489.0,137,1,463.38,1
14491.0,105,2,340.93,1
14493.0,85,1,611.22,0
14495.0,51,1,40.599999999999994,0
14496.0,241,2,538.8100000000001,1
14497.0,231,2,457.47,1
14498.0,46,4,1281.79,0
14499.0,63,2,370.96000000000004,0
14500.0,18,3,356.85,1
14501.0,113,2,251.21,0
14502.0,79,9,1077.76,0
14503.0,108,1,597.07,0
14504.0,173,3,542.71,0
14505.0,39,8,4210.2,0
14506.0,92,3,831.66,0
14507.0,31,5,909.6899999999999,0
14508.0,19,1,137.56,0
14511.0,22,2,329.89,0
14512.0,117,2,275.28,1
14513.0,30,4,438.49,1
14514.0,131,2,403.11,0
14515.0,121,2,765.65,0
14517.0,71,1,252.45,0
14520.0,220,1,165.0,0
14522.0,1,3,831.5,0
14523.0,38,1,241.09,1
14524.0,1,8,1755.78,0
14525.0,30,10,2826.96,0
14527.0,1,68,5302.52,0
14529.0,7,2,358.42,0
14530.0,23,5,2546.12,0
14532.0,166,4,932.85,1
14533.0,19,3,1143.36,0
14534.0,25,16,3028.19,0
14535.0,57,2,1653.91,0
14536.0,189,1,171.8,1
14538.0,186,1,106.5,0
14540.0,5,2,681.53,0
14541.0,98,7,1315.65,0
14542.0,115,1,103.25,1
14543.0,3,18,2619.64,0
14544.0,291,1,1121.92,0
14546.0,7,5,1551.98,0
14548.0,80,2,652.8,1
14549.0,241,1,289.24,1
14551.0,134,1,125.43,0
14552.0,81,1,165.07,1
14553.0,148,2,312.32,0
14555.0,232,1,197.94,0
14557.0,15,1,788.38,0
14560.0,24,16,1555.25,0
14561.0,5,3,1080.76,1
14562.0,8,12,2750.87,0
14565.0,25,6,3073.77,1
14566.0,40,1,1432.0,1
14567.0,60,1,800.76,0
14570.0,210,2,218.06,1
14572.0,40,8,2060.29,0
14573.0,109,13,1603.72,1
14576.0,302,1,35.400000000000006,1
14577.0,93,3,646.64,0
14583.0,74,4,787.64,0
14584.0,99,5,1029.26,1
14586.0,157,3,134.16,1
14587.0,114,9,1470.6299999999999,0
14589.0,301,1,39.75,1
14591.0,143,1,250.22,0
14593.0,128,2,339.59,0
14594.0,303,1,255.0,0
14595.0,15,2,300.03000000000003,0
14597.0,121,1,165.1,0
14600.0,235,1,393.33000000000004,1
14603.0,204,1,660.0,1
14606.0,2,105,9565.12,0
14607.0,191,1,495.0,0
14608.0,15,2,790.95,0
14609.0,2,4,601.56,1
14616.0,172,3,406.08000000000004,1
14618.0,267,2,196.95,0
14619.0,169,2,379.51,1
14620.0,134,3,393.28000000000003,1
14621.0,57,4,980.3100000000001,0
14622.0,114,1,320.58000000000004,1
14623.0,46,3,608.71,0
14625.0,115,5,848.48,1
14626.0,52,3,1553.79,0
14627.0,241,1,-21.85,1
14628.0,21,2,671.96,1
14631.0,165,2,630.08,0
14632.0,192,1,114.56,1
14633.0,196,1,344.90000000000003,1
14636.0,198,1,300.19,0
14639.0,50,6,1957.08,0
14640.0,57,5,1484.41,0
14643.0,100,3,668.61,1
14644.0,228,1,187.50000000000003,0
14645.0,86,2,597.09,1
14646.0,8,50,202389.63999999998,0
14647.0,131,1,243.22,1
14649.0,2,3,903.3,0
14651.0,141,1,416.32,0
14652.0,7,1,114.18,1
14653.0,268,1,344.81,0
14655.0,152,1,810.56,0
14656.0,99,2,291.05,1
14657.0,85,4,628.99,0
14658.0,47,1,123.14,0
14659.0,8,10,1994.58,0
14660.0,16,2,285.74,1
14662.0,164,3,524.86,0
14665.0,19,5,1258.38,0
14667.0,4,21,7130.31,0
14669.0,171,3,1269.99,1
14670.0,210,2,411.53,1
14672.0,164,2,765.55,1
14673.0,297,1,373.49,0
14676.0,8,7,2165.96,0
14679.0,301,1,-2.55,1
14680.0,1,22,25764.74,0
14681.0,1,3,498.95,1
14682.0,117,2,52.0,1
14684.0,11,3,648.59,0
14687.0,36,1,628.38,1
14688.0,18,20,3785.43,0
14689.0,138,1,112.8,1
14690.0,81,2,203.62,0
14691.0,1,4,1769.07,0
14692.0,67,5,582.05,1
14693.0,194,1,172.9,1
14696.0,1,8,1770.43,0
14697.0,148,2,188.60999999999999,1
14699.0,144,1,109.13000000000001,1
14700.0,119,2,1557.6,0
14701.0,102,10,1895.13,0
14702.0,8,10,1903.79,0
14704.0,11,3,386.48,0
14705.0,128,1,179.0,1
14708.0,84,3,671.48,0
14709.0,1,11,4254.14,0
14711.0,21,10,2334.82,0
14712.0,5,2,421.47,0
14713.0,29,10,2027.51,0
14715.0,24,3,594.75,0
14716.0,78,1,188.56,0
14719.0,109,2,488.12,0
14720.0,19,2,401.13,0
14722.0,77,1,187.92000000000002,1
14723.0,288,3,471.0,0
14727.0,204,1,268.58,1
14729.0,303,1,313.49,1
14730.0,37,5,904.21,0
14731.0,135,2,251.01999999999998,0
14732.0,18,7,1917.29,0
14733.0,40,13,8922.28,0
14735.0,11,28,4089.25,0
14737.0,58,2,1081.75,0
14738.0,60,6,753.09,0
14739.0,24,4,2247.58,0
14740.0,121,4,1423.21,1
14741.0,43,4,864.96,0
14744.0,211,7,916.58,0
14745.0,42,6,1167.16,1
14747.0,177,2,294.3,1
14748.0,53,5,1014.81,0
14753.0,17,1,563.15,1
14754.0,225,1,228.26999999999998,0
14755.0,3,9,3127.08,0
14757.0,5,1,420.5,1
14758.0,74,4,1484.06,1
14759.0,42,2,870.85,0
14760.0,224,2,53.8,1
14761.0,264,1,97.5,0
14762.0,193,1,300.52,1
14765.0,42,2,95.5,0
14766.0,10,7,2000.55,0
14768.0,8,2,80.10000000000001,0
14769.0,7,9,10299.63,0
14770.0,162,2,876.42,1
14772.0,42,1,139.26,1
14775.0,67,2,701.46,0
14776.0,35,9,1849.74,0
14777.0,288,1,-14.5,0
14778.0,57,2,730.86,1
14779.0,210,3,386.15,1
14780.0,9,1,332.8,0
14782.0,249,1,200.10000000000002,1
14784.0,253,1,114.68,0
14790.0,49,2,364.04,0
14794.0,133,5,645.64,0
14795.0,96,1,131.45000000000002,1
14796.0,24,24,6410.39,0
14798.0,74,2,97.4,0
14800.0,5,13,3848.25,0
14803.0,92,3,845.55,1
14805.0,243,1,109.25,0
14806.0,5,1,193.39000000000001,1
14808.0,3,13,1717.48,0
14810.0,33,10,1869.33,0
14813.0,299,2,155.43,1
14816.0,127,1,271.85,1
14817.0,130,2,1110.34,1
14818.0,3,3,657.8,1
14819.0,122,1,84.72,0
14820.0,5,2,242.19,0
14821.0,296,1,48.800000000000004,1
14823.0,110,3,321.43,1
14824.0,3,2,755.51,0
14825.0,19,8,1499.5700000000002,0
14828.0,126,3,2139.76,1
14829.0,114,5,478.73,0
14834.0,1,4,836.75,0
14837.0,19,5,1641.2,1
14840.0,197,1,62.85,1
14841.0,109,4,2375.57,0
14842.0,14,6,1584.3700000000001,0
14844.0,53,3,2257.6800000000003,0
14847.0,78,1,309.4,1
14849.0,25,19,5777.83,0
14850.0,241,2,278.15,1
14851.0,186,1,206.13,0
14852.0,26,5,2188.42,0
14853.0,141,1,214.5,0
14854.0,8,8,2749.89,1
14855.0,49,2,645.65,1
14857.0,59,2,515.05,0
14859.0,10,3,925.4200000000001,0
14862.0,78,1,304.09999999999997,0
14865.0,302,1,37.2,0
14866.0,3,6,6610.97,0
14867.0,115,4,701.33,1
14868.0,1,5,1634.77,0
14869.0,33,1,391.31,0
14870.0,191,1,327.25,1
14871.0,108,3,354.75,0
14873.0,140,1,519.68,1
14875.0,37,4,1452.47,0
14878.0,12,7,1193.71,0
14880.0,7,3,706.19,1
14883.0,3,4,571.99,0
14885.0,61,1,765.3199999999999,1
14886.0,182,1,364.8,1
14887.0,9,1,1862.0,1
14888.0,137,1,369.2,1
14889.0,266,1,135.9,1
14890.0,183,1,125.65,1
14891.0,78,2,554.38,1
14894.0,15,1,655.75,1
14895.0,21,16,7891.54,0
14896.0,134,2,468.77000000000004,1
14897.0,18,2,345.4,0
14898.0,64,7,936.1,0
14901.0,3,8,1087.53,0
14903.0,51,9,2345.67,0
14905.0,84,3,599.9,1
14907.0,29,6,2606.93,0
14908.0,4,1,277.8,1
14911.0,2,165,85329.99,0
14912.0,176,1,482.78999999999996,0
14913.0,113,3,917.15,0
14915.0,15,3,258.83,1
14916.0,23,4,963.62,1
14918.0,45,2,1610.15,1
14920.0,142,2,977.77,1
14921.0,131,1,903.01,0
14924.0,175,1,310.05,1
14930.0,38,3,2372.86,1
14931.0,4,4,554.65,0
14932.0,295,1,363.53,1
14934.0,2,3,1888.84,1
14935.0,227,1,1784.71,1
14936.0,38,3,5072.88,0
14937.0,43,2,755.31,0
14944.0,7,10,4882.91,0
14947.0,2,2,290.82,1
14948.0,1,5,834.27,0
14951.0,9,1,311.69,1
14952.0,1,12,6568.65,0
14957.0,183,1,58.49,1
14958.0,77,3,499.68,1
14959.0,39,3,537.32,0
14960.0,101,1,88.3,0
14961.0,11,11,5861.83,0
14962.0,200,1,126.7,1
14963.0,113,1,294.2,0
14964.0,177,1,206.21,1
14965.0,26,2,599.0,1
14970.0,67,3,1119.75,0
14972.0,58,1,114.77,1
14973.0,37,3,1314.45,1
14976.0,31,5,534.96,0
14978.0,2,5,1931.42,1
14981.0,176,1,102.12,1
14984.0,110,1,110.17999999999999,0
14985.0,128,2,296.75,1
14987.0,295,1,163.2,0
14988.0,141,1,334.54,1
14995.0,210,1,119.31,0
14997.0,18,2,433.67999999999995,0
14998.0,100,2,429.87,1
15002.0,45,4,1641.76,1
15004.0,77,1,1246.32,1
15005.0,8,28,4827.99,0
15007.0,89,1,156.91,1
15012.0,303,1,191.06,0
15014.0,106,1,117.72999999999999,0
15016.0,102,1,170.04,1
15018.0,178,3,251.39000000000001,0
15019.0,196,1,266.0,1
15021.0,16,9,1409.1100000000001,0
15023.0,46,9,5070.72,0
15024.0,43,5,845.62,0
15026.0,10,3,469.0,1
15027.0,98,5,952.77,0
15028.0,298,1,185.97,0
15030.0,1,2,518.28,1
15031.0,40,2,261.79,0
15032.0,186,5,4464.1,1
15033.0,39,7,1613.45,0
15034.0,162,6,2655.58,0
15035.0,19,1,252.73000000000002,1
15036.0,2,3,465.55,1
15038.0,117,4,517.45,0
15039.0,10,44,18658.04,0
15041.0,100,1,180.35,1
15042.0,129,1,135.93,1
15044.0,5,18,5489.2300000000005,0
15045.0,81,3,633.66,1
15046.0,26,12,3834.77,0
15047.0,199,1,343.62,1
15048.0,46,4,321.05,0
15049.0,203,1,121.17000000000002,1
15050.0,1,3,1308.06,0
15051.0,80,1,377.74,0
15052.0,249,1,215.78,1
15053.0,86,2,478.6,0
15057.0,205,2,1489.5,1
15058.0,11,8,1443.21,0
15059.0,37,9,996.7,0
15061.0,3,47,40321.76,0
15062.0,1,4,987.86,1
15063.0,143,1,370.79999999999995,1
15065.0,94,5,2836.6,0
15067.0,8,3,1744.76,1
15068.0,186,1,239.95999999999998,0
15069.0,109,1,1109.53,1
15070.0,302,1,106.2,1
15071.0,23,2,982.07,1
15073.0,115,3,430.98,0
15074.0,35,1,748.87,1
15075.0,7,1,773.03,1
15076.0,102,1,880.85,1
15078.0,4,30,7460.39,0
15079.0,142,5,893.66,1
15081.0,16,4,318.8,0
15083.0,186,1,88.2,1
15087.0,211,1,306.94,1
15089.0,24,3,2036.28,0
15090.0,238,1,381.32,1
15092.0,145,2,457.81,1
15093.0,46,8,3840.22,0
15095.0,33,5,1364.7,1
15098.0,112,5,649.5,1
15099.0,14,1,410.48,1
15100.0,260,6,635.1,1
15101.0,267,2,94.78,0
15103.0,16,1,291.68,0
15104.0,96,3,1002.54,1
15105.0,16,3,1176.54,0
15106.0,66,4,1025.99,0
15107.0,241,8,247.66,1
15108.0,71,5,1291.75,1
15109.0,170,2,463.75,1
15110.0,51,4,365.1,0
15111.0,302,1,288.5,0
15114.0,1,9,2252.28,0
15116.0,64,2,790.97,0
15117.0,50,2,675.73,0
15118.0,64,1,244.8,1
15119.0,175,1,266.4,1
15120.0,59,2,343.82,1
15121.0,218,1,295.15,0
15122.0,15,6,1612.13,1
15123.0,136,1,1069.47,0
15124.0,121,1,90.75,0
15125.0,43,18,10634.45,0
15128.0,56,7,1118.78,0
15129.0,36,10,2796.73,0
15130.0,99,1,330.11,1
15132.0,35,3,842.23,0
15133.0,57,3,982.42,1
15134.0,2,5,897.5500000000001,0
15135.0,163,2,127.15,1
15136.0,18,2,578.65,0
15139.0,169,2,178.96,1
15140.0,9,7,2048.6,0
15143.0,155,1,259.45,1
15144.0,1,13,3955.24,0
15145.0,157,2,724.03,0
15146.0,94,3,1313.66,1
15147.0,148,2,608.65,1
15149.0,63,1,520.8000000000001,1
15150.0,3,7,4368.49,0
15152.0,14,10,2650.78,0
15154.0,4,2,240.27,1
15157.0,53,4,1438.8,0
15159.0,19,22,9537.15,0
15160.0,287,1,158.16,1
15163.0,122,1,155.0,0
15164.0,138,2,368.18,0
15165.0,303,1,487.75,1
15167.0,250,1,163.0,1
15171.0,254,2,1034.5,1
15172.0,65,3,886.74,0
15174.0,252,1,135.75,1
15175.0,1,1,224.14,1
15178.0,190,1,40.5,1
15179.0,163,4,1438.62,0
15180.0,297,1,87.5,1
15181.0,105,4,425.79999999999995,0
15182.0,84,2,622.85,1
15184.0,120,1,235.23000000000002,0
15186.0,98,1,229.26,0
15187.0,21,7,1853.28,0
15189.0,21,45,12212.52,0
15192.0,49,3,1044.32,1
15194.0,2,20,5392.86,0
15197.0,182,3,353.85,0
15198.0,22,2,193.64,1
15199.0,24,3,967.75,0
15201.0,8,11,927.84,1
15203.0,9,5,1517.72,0
15204.0,287,1,316.58,1
15205.0,15,3,648.8299999999999,1
15206.0,29,3,236.7,0
15208.0,93,2,323.52,0
15210.0,155,1,331.18,1
15211.0,295,1,383.07,0
15212.0,169,2,88.94999999999999,1
15213.0,248,3,325.05,1
15214.0,5,3,956.75,0
15215.0,26,3,259.24,0
15216.0,17,1,96.6,1
15218.0,4,9,4645.91,0
15219.0,106,1,305.75,1
15220.0,45,6,1264.01,0
15221.0,296,2,114.1,1
15222.0,248,1,585.0,1
15223.0,155,3,454.90000000000003,1
15224.0,288,3,310.48,1
15225.0,164,1,409.40000000000003,1
15226.0,240,1,154.41,1
15227.0,145,3,876.8199999999999,0
15228.0,53,4,2214.28,0
15230.0,169,2,429.6,1
15232.0,43,2,612.06,1
15234.0,206,1,197.0,1
15235.0,147,12,2247.51,1
15236.0,228,1,321.05,1
15237.0,8,3,1328.72,0
15238.0,25,4,757.3299999999999,0
15239.0,8,1,461.79,0
15240.0,14,6,1361.55,0
15241.0,3,8,1393.67,0
15243.0,4,1,316.68,1
15244.0,178,1,297.94,0
15245.0,64,3,2515.84,1
15246.0,168,2,514.15,1
15247.0,52,1,356.0,1
15249.0,21,13,5608.24,0
15251.0,11,11,9546.44,0
15252.0,113,1,300.55,0
15253.0,9,4,637.7,0
15254.0,57,1,300.36,1
15256.0,78,1,98.45,1
15257.0,211,2,232.14999999999998,1
15258.0,98,2,623.16,1
15260.0,30,8,1780.77,1
15261.0,65,1,254.82,1
15262.0,253,1,178.95000000000002,1
15263.0,36,1,156.51,1
15265.0,81,2,1506.1200000000001,1
15266.0,268,1,119.3,1
15267.0,85,2,1407.76,0
15270.0,37,7,1769.0,0
15271.0,24,10,1596.62,0
15272.0,16,1,298.96,0
15279.0,284,2,277.40999999999997,1
15280.0,102,1,113.12,1
15281.0,66,11,2099.58,0
15288.0,85,4,2006.3600000000001,0
15289.0,65,3,693.3,0
15290.0,9,15,4413.22,0
15291.0,24,17,3613.23,0
15292.0,131,1,180.94,1
15296.0,8,7,2564.74,0
15298.0,22,8,2368.2200000000003,0
15299.0,53,9,2315.09,0
15301.0,2,12,4459.26,0
15303.0,220,1,574.02,1
15304.0,15,9,568.4,0
15306.0,22,2,657.07,0
15307.0,25,1,205.3,1
15308.0,200,2,302.27,1
15311.0,3,91,47342.51,0
15312.0,5,5,921.1,1
15313.0,40,1,52.0,1
15314.0,129,1,327.97,1
15315.0,36,2,214.57999999999998,0
15316.0,256,1,165.0,1
15319.0,213,1,204.5,1
15321.0,221,1,1159.47,0
15322.0,15,1,679.68,0
15325.0,33,1,162.29,1
15326.0,263,1,311.71,1
15329.0,64,3,736.3,0
15332.0,296,4,1661.06,1
15333.0,138,1,1028.56,1
15334.0,86,3,351.67,1
15339.0,248,1,257.9,0
15341.0,10,1,2020.52,1
15342.0,46,2,391.76,1
15343.0,17,1,364.5,1
15344.0,4,1,308.69,0
15346.0,262,1,252.42000000000002,1
15347.0,296,1,201.60000000000002,1
15348.0,2,1,158.04,1
15349.0,88,2,473.81,1
15350.0,303,1,115.65,1
15351.0,9,3,862.85,0
15353.0,184,2,777.02,1
15356.0,1,9,2616.46,0
15358.0,2,24,6629.96,0
15361.0,291,1,418.92,1
15363.0,171,2,318.05,1
15364.0,25,2,913.19,1
15365.0,11,4,1945.15,0
15366.0,5,2,602.51,1
15367.0,133,3,1406.28,0
15369.0,74,1,-1592.49,1
15370.0,1,6,2013.75,0
15372.0,67,1,2007.3999999999999,1
15373.0,45,10,1484.1000000000001,0
15374.0,58,1,168.0,1
15376.0,47,2,989.02,0
15379.0,99,8,3631.8900000000003,1
15380.0,16,4,996.6600000000001,0
15381.0,143,2,596.85,1
15382.0,14,7,4682.05,0
15384.0,99,3,635.76,1
15386.0,116,1,394.14,1
15388.0,200,1,140.54,1
15389.0,102,1,500.0,1
15392.0,18,3,645.66,0
15393.0,211,1,124.10000000000001,0
15394.0,8,3,1854.14,0
15395.0,255,1,107.45,1
15396.0,42,1,288.18,1
15397.0,219,1,94.0,1
15398.0,3,2,628.95,0
15399.0,9,1,305.17,0
15400.0,22,6,666.7,1
15402.0,78,2,626.77,1
15405.0,119,1,349.1,1
15406.0,231,1,252.29,0
15407.0,113,3,740.73,0
15408.0,194,1,267.18,1
15410.0,14,8,3450.84,1
15411.0,54,2,382.21,0
15412.0,101,1,190.53,1
15414.0,172,1,36.2,0
15415.0,243,1,572.8100000000001,1
15416.0,80,4,3134.38,0
15417.0,15,1,508.8,1
15421.0,145,3,739.36,0
15422.0,253,2,97.7,1
15424.0,184,2,383.34,1
15426.0,187,3,658.03,0
15429.0,5,2,210.61,0
15433.0,9,3,417.87,1
15434.0,37,4,543.28,0
15436.0,164,1,489.05,0
15437.0,192,1,200.16,1
15438.0,61,1,156.57999999999998,1
15440.0,66,2,237.66,0
15442.0,178,1,594.0,1
15443.0,3,4,1029.59,0
15445.0,194,1,113.5,1
15447.0,260,1,155.17,1
15448.0,242,1,494.64,1
15449.0,15,4,644.4,0
15452.0,1,2,413.33,0
15453.0,22,4,712.8,0
15454.0,292,1,179.1,1
15456.0,213,3,447.22,1
15457.0,192,1,237.07,1
15460.0,284,1,216.76,1
15462.0,24,3,234.6,1
15464.0,268,1,1048.85,1
15465.0,11,22,6009.48,0
15466.0,15,1,334.53,1
15467.0,75,2,402.56,0
15468.0,290,1,-1.25,0
15469.0,37,2,290.2,0
15472.0,43,1,371.56,1
15475.0,7,1,454.10999999999996,1
15480.0,46,1,905.5,1
15482.0,95,4,2103.5,0
15483.0,91,4,233.81,1
15484.0,8,1,1636.52,0
15485.0,266,2,1278.63,0
15488.0,22,1,91.32000000000001,1
15489.0,141,1,348.26,0
15491.0,25,7,3090.85,1
15492.0,4,1,487.74,0
15493.0,79,5,1284.2,0
15494.0,51,1,1127.38,0
15497.0,242,2,968.1,0
15498.0,9,27,9608.88,0
15500.0,11,1,406.02,0
15502.0,19,15,2681.2400000000002,0
15503.0,292,1,147.09,1
15504.0,11,1,52.83,1
15505.0,3,5,2716.16,0
15506.0,68,1,209.35,0
15507.0,101,1,492.36,1
15508.0,119,6,1000.27,1
15510.0,260,1,250.0,1
15511.0,15,1,202.9,0
15512.0,85,2,121.0,1
15513.0,17,19,11192.300000000001,0
15514.0,155,8,1385.67,0
15517.0,163,1,267.03,1
15518.0,53,12,1594.2,0
15521.0,24,10,1991.98,0
15522.0,17,1,259.9,0
15523.0,14,1,412.01000000000005,1
15525.0,303,1,313.93,0
15527.0,19,7,1591.49,0
15528.0,184,1,229.33,1
15529.0,17,9,3216.12,0
15530.0,79,3,1168.73,0
15532.0,61,5,1161.94,0
15533.0,12,3,501.34000000000003,0
15535.0,103,7,459.9,1
15537.0,93,1,110.92,1
15541.0,44,1,85.13000000000001,1
15543.0,218,1,127.86,1
15544.0,49,8,2770.7200000000003,0
15545.0,301,1,135.32999999999998,0
15547.0,12,11,3729.77,0
15549.0,7,4,1655.76,1
15550.0,36,3,433.28,0
15552.0,147,1,90.12,1
15554.0,207,1,217.2,1
15555.0,8,14,3132.15,0
15561.0,26,4,371.82,0
15562.0,281,1,134.55,1
15563.0,130,2,735.62,0
15568.0,3,1,228.31,0
15569.0,33,5,1375.71,1
15570.0,71,10,2771.13,0
15571.0,8,1,202.35,0
15572.0,39,4,1555.29,0
15573.0,15,1,410.7,0
15574.0,107,4,702.25,1
15577.0,81,3,258.88,1
15578.0,92,1,127.1,1
15579.0,243,1,199.6,0
15581.0,50,14,3429.9700000000003,1
15582.0,30,2,541.51,0
15584.0,2,2,292.68,0
15585.0,106,1,455.3,1
15587.0,19,3,801.72,0
15589.0,182,4,456.58,1
15590.0,219,1,-30.19,1
15594.0,11,4,1502.18,0
15596.0,30,9,1343.34,1
15599.0,134,1,448.83,0
15601.0,8,15,5785.82,0
15602.0,59,11,328.71000000000004,0
15603.0,8,1,48.480000000000004,1
15605.0,19,4,894.78,0
15606.0,49,8,2439.38,0
15607.0,266,1,104.76,1
15608.0,50,1,285.68,0
15609.0,112,2,270.03000000000003,1
15611.0,33,9,931.24,0
15615.0,35,23,7328.15,0
15618.0,16,4,389.221,0
15620.0,133,4,854.06,0
15622.0,9,14,3224.53,0
15623.0,71,1,301.03,1
15624.0,46,4,588.13,1
15625.0,30,8,1504.56,1
15626.0,4,2,675.8,1
15628.0,28,6,1620.8,0
15630.0,130,2,390.91,0
15632.0,51,7,2335.94,0
15636.0,19,2,724.76,1
15638.0,231,1,-94.0,1
15639.0,64,1,425.32,1
15640.0,8,14,9361.28,0
15641.0,35,4,1887.2,1
15643.0,109,6,647.4,1
15644.0,96,4,813.0,1
15646.0,87,4,425.14000000000004,1
15648.0,134,4,599.9,1
15649.0,266,2,816.0,1
15651.0,190,1,227.32,0
15652.0,21,1,337.74,1
15653.0,22,2,877.4399999999999,1
15655.0,163,2,511.32,1
15656.0,108,3,563.63,0
15658.0,120,8,958.9,1
15660.0,15,10,1207.65,0
15661.0,247,2,309.8,1
15663.0,36,1,138.14,1
15664.0,289,1,-27.799999999999997,0
15665.0,98,2,2242.01,1
15668.0,147,1,76.32000000000001,1
15669.0,33,4,558.89,0
15670.0,226,1,173.05,1
15671.0,24,8,1951.25,0
15673.0,18,4,2881.02,1
15674.0,3,8,1744.02,1
15675.0,11,3,323.69,1
15676.0,143,2,877.4,0
15679.0,84,2,260.26,0
15680.0,296,1,478.89,0
15681.0,113,3,703.22,0
15683.0,47,1,193.75,1
15687.0,115,7,1667.8500000000001,0
15689.0,49,2,254.1,1
15690.0,30,1,111.0,0
15691.0,182,1,136.8,1
15694.0,106,10,3249.98,0
15695.0,196,2,409.98,1
15696.0,2,11,1924.8500000000001,0
15700.0,102,3,664.03,1
15701.0,3,2,968.0699999999999,0
15703.0,194,1,211.5,1
15704.0,70,4,2293.62,1
15705.0,131,1,143.1,1
15706.0,2,4,843.41,0
15707.0,16,1,166.78,0
15708.0,64,10,2665.91,0
15709.0,213,1,133.25,1
15712.0,1,4,865.9100000000001,0
15713.0,73,3,346.75,1
15714.0,7,1,132.48000000000002,0
15716.0,75,4,1118.81,1
15717.0,164,1,150.3,1
15719.0,29,12,4067.02,0
15722.0,38,4,1383.45,0
15723.0,294,1,203.1,1
15724.0,131,3,212.3,1
15727.0,37,6,4609.29,0
15729.0,128,2,62.0,1
15730.0,22,3,764.72,0
15732.0,142,2,294.12,1
15733.0,212,1,162.3,1
15734.0,44,2,1339.45,1
15737.0,2,10,997.6,0
15738.0,26,16,3829.8,0
15743.0,43,2,434.05,0
15744.0,7,1,34.8,1
15745.0,3,2,607.75,0
15746.0,64,2,182.96,1
15747.0,50,2,549.47,0
15749.0,165,4,21535.9,1
15750.0,2,6,1603.65,0
15752.0,23,7,2095.7,0
15753.0,234,1,79.2,1
15754.0,3,2,303.42,0
15755.0,4,6,2058.62,0
15756.0,82,3,364.84,0
15757.0,147,1,261.36,0
15759.0,148,3,253.04,1
15762.0,7,1,315.31,0
15763.0,3,2,484.24,0
15764.0,11,10,3245.47,1
15768.0,45,4,581.8299999999999,1
15769.0,8,22,41611.72,0
15775.0,175,1,104.9,1
15776.0,63,1,241.62,1
15777.0,171,5,1021.61,1
15780.0,113,3,475.28000000000003,1
15781.0,64,3,199.4,0
15782.0,19,1,1638.3400000000001,0
15785.0,87,6,1654.05,0
15786.0,30,2,3093.64,0
15789.0,288,1,351.3,1
15791.0,120,2,1214.99,0
15793.0,198,1,306.64,0
15795.0,79,1,610.01,1
15796.0,2,8,1842.76,0
15797.0,43,4,2207.4,1
15799.0,5,3,884.14,1
15800.0,37,2,699.08,1
15801.0,39,1,137.22,0
15802.0,72,3,-451.42,1
15804.0,2,13,2604.16,0
15805.0,36,13,3521.55,0
15806.0,87,2,521.88,0
15807.0,7,1,635.6,0
15808.0,236,5,3724.77,1
15809.0,114,4,399.21,0
15810.0,8,7,1145.43,1
15811.0,35,7,1732.4,0
15812.0,37,5,1801.14,1
15813.0,137,2,1303.9099999999999,1
15815.0,70,4,1874.7,0
15819.0,61,3,1585.47,0
15820.0,249,1,206.98,1
15822.0,289,1,440.2,0
15823.0,267,2,-840.76,1
15825.0,102,1,532.94,1
15826.0,140,1,720.0,0
15827.0,3,20,1641.48,1
15829.0,29,2,636.14,1
15831.0,54,3,397.11,0
15832.0,184,1,836.79,1
15834.0,95,5,1642.97,1
15835.0,67,3,675.51,0
15838.0,7,15,17048.3,0
15839.0,10,2,790.36,0
15840.0,100,2,231.84,0
15841.0,2,5,1214.1,0
15843.0,233,1,118.95000000000002,1
15845.0,16,8,3009.1,0
15847.0,218,1,180.68,0
15850.0,98,1,118.88,0
15852.0,116,2,160.71,1
15854.0,16,10,2839.94,0
15855.0,66,5,712.24,1
15856.0,25,20,11350.44,0
15858.0,7,3,970.12,0
15860.0,5,7,875.2,0
15861.0,64,3,1130.0,0
15862.0,42,3,659.73,0
15863.0,122,1,9.2,0
15864.0,28,4,943.96,0
15865.0,18,2,603.85,0
15866.0,31,1,230.53,1
15867.0,43,12,2949.91,0
15869.0,207,2,149.64,1
15874.0,107,7,2181.15,0
15880.0,299,2,313.28000000000003,1
15881.0,242,8,438.24,1
15882.0,128,5,495.36,1
15885.0,22,3,379.35,1
15888.0,9,2,141.27,1
15889.0,86,2,446.87,1
15891.0,156,1,524.52,1
15894.0,183,2,263.55,1
15895.0,79,1,179.17,1
15897.0,124,2,222.05,1
15898.0,150,5,998.79,0
15899.0,298,1,56.25,1
15901.0,7,2,233.35,0
15903.0,7,4,951.5400000000001,0
15906.0,74,5,751.8100000000001,0
15907.0,106,2,529.52,0
15909.0,103,1,191.94,1
15910.0,29,5,663.36,0
15912.0,108,2,264.62,1
15916.0,7,7,949.13,0
15917.0,177,1,123.1,1
15918.0,120,2,334.23,1
15919.0,298,1,270.72,0
15920.0,84,4,167.5,1
15921.0,102,1,336.03000000000003,1
15922.0,302,2,363.6,1
15923.0,302,1,127.08,1
15925.0,124,1,207.15,1
15932.0,18,10,2161.63,0
15933.0,1,2,728.27,0
15935.0,169,2,416.86,1
15938.0,42,5,404.58,1
15939.0,19,16,6102.26,1
15940.0,241,2,31.799999999999997,1
15942.0,63,1,337.44,1
15944.0,206,1,325.1,1
15945.0,295,1,181.0,1
15947.0,12,1,1708.24,1
15949.0,1,1,237.04000000000002,0
15950.0,8,3,1347.22,0
15951.0,215,1,375.16999999999996,0
15952.0,89,2,327.8,0
15953.0,141,5,807.24,0
15955.0,1,11,2956.04,0
15958.0,4,1,104.35,1
15965.0,297,1,156.19,0
15967.0,248,1,173.8,0
15969.0,115,1,308.7,0
15970.0,233,1,314.1,1
15971.0,18,8,2326.75,0
15973.0,165,3,99.77000000000002,1
15974.0,25,7,2882.41,0
15975.0,14,1,371.01,1
15976.0,95,2,430.94,1
15978.0,7,1,1098.78,1
15980.0,18,3,2398.86,1
15981.0,7,7,2849.88,0
15983.0,290,3,1148.27,0
15984.0,1,8,2091.96,0
15985.0,53,3,1037.42,1
15987.0,50,6,1206.42,0
15990.0,217,1,401.37,0
15996.0,18,7,1044.78,1
15998.0,17,5,2504.96,0
16003.0,64,3,1793.9,0
16005.0,112,2,298.08,0
16006.0,141,1,101.4,1
16007.0,110,2,733.45,0
16008.0,5,2,330.71,0
16009.0,89,1,462.19,0
16010.0,175,3,407.5,1
16011.0,1,13,2467.29,0
16012.0,58,2,1132.12,0
16013.0,28,41,19660.89,0
16014.0,82,2,529.9300000000001,0
16016.0,9,6,917.99,0
16018.0,110,1,161.9,0
16019.0,66,7,2952.25,0
16022.0,190,1,628.28,1
16023.0,122,2,500.69,0
16027.0,21,7,852.12,1
16029.0,10,64,39499.35,0
16030.0,239,1,331.24,1
16031.0,22,2,548.94,1
16033.0,12,24,6744.02,0
16034.0,126,3,437.7,1
16036.0,17,2,758.92,1
16037.0,199,3,855.02,1
16038.0,107,3,375.88,0
16040.0,78,2,876.1800000000001,0
16041.0,71,2,2739.8,0
16042.0,37,4,410.38,0
16043.0,141,3,676.49,0
16045.0,49,4,1340.7,1
16048.0,15,3,243.69000000000003,1
16049.0,5,1,488.26,0
16050.0,103,1,137.9,1
16053.0,52,1,1124.19,0
16054.0,75,1,783.9,1
16055.0,150,1,134.8,1
16057.0,26,8,1458.93,0
16059.0,1,5,1354.56,0
16061.0,199,1,-29.95,1
16062.0,63,3,778.14,0
16063.0,190,1,335.32,1
16065.0,295,1,372.09,1
16066.0,54,1,316.38,0
16072.0,218,1,584.3199999999999,1
16073.0,221,2,94.35,1
16076.0,9,7,1394.6100000000001,0
16078.0,213,1,79.2,1
16080.0,11,3,176.6,1
16081.0,17,4,2591.92,0
16083.0,30,2,1317.62,1
16084.0,229,1,436.18,1
16085.0,9,3,619.65,0
16086.0,28,5,897.62,0
16091.0,84,2,315.06,1
16092.0,28,5,779.36,1
16093.0,36,1,17.0,1
16094.0,143,3,215.70000000000002,0
16096.0,194,1,320.62,1
16097.0,170,1,185.04999999999998,1
16098.0,17,7,2005.63,1
16099.0,67,2,592.1,0
16102.0,28,2,1392.8400000000001,0
16103.0,9,5,1413.14,0
16105.0,178,1,336.96,1
16107.0,19,4,1810.72,0
16108.0,14,2,816.1,1
16109.0,148,2,611.88,1
16110.0,192,2,693.93,0
16112.0,73,4,195.73999999999998,1
16113.0,113,1,161.38,1
16114.0,100,1,135.75000000000003,1
16115.0,2,6,1293.02,0
16116.0,135,2,592.88,1
16117.0,119,1,232.21,1
16119.0,2,1,309.48,0
16121.0,145,1,287.89,0
16122.0,3,4,684.4200000000001,1
16124.0,246,2,187.15,1
16125.0,297,1,289.35,1
16126.0,31,3,3706.7000000000003,0
16128.0,7,3,1412.06,0
16131.0,45,4,2278.5,0
16133.0,5,35,11613.08,0
16134.0,284,2,269.13,0
16135.0,192,1,517.55,1
16136.0,7,2,302.64,0
16138.0,298,1,-7.95,1
16139.0,42,2,306.37,0
16140.0,301,1,124.14,0
16141.0,18,1,620.4,1
16142.0,179,1,535.34,1
16143.0,38,6,1944.26,0
16144.0,176,1,175.2,1
16145.0,3,16,2884.42,0
16146.0,87,3,734.13,1
16147.0,63,1,375.0,1
16148.0,226,1,76.32000000000001,1
16149.0,72,1,163.68,0
16150.0,16,8,1616.73,0
16152.0,198,1,1829.04,1
16153.0,45,4,1023.54,0
16156.0,1,10,2028.03,0
16157.0,2,1,168.32,0
16159.0,211,1,348.2,1
16160.0,8,2,790.11,0
16161.0,8,19,3731.78,0
16162.0,182,1,37.4,1
16163.0,155,3,441.59999999999997,1
16168.0,4,19,2795.14,0
16169.0,5,1,587.46,0
16170.0,42,6,1556.03,0
16172.0,25,5,1140.21,1
16173.0,8,4,732.5,0
16174.0,56,3,1009.5500000000001,1
16175.0,24,4,1037.59,1
16178.0,68,1,197.9,1
16180.0,30,10,10217.48,1
16181.0,3,1,305.54,1
16182.0,2,4,6617.65,1
16184.0,35,6,982.5500000000001,0
16185.0,162,1,335.0,0
16186.0,33,10,2681.53,0
16187.0,5,15,6211.99,0
16188.0,71,3,755.03,0
16189.0,15,1,144.48,0
16191.0,18,16,2546.13,0
16193.0,166,1,314.45,1
16198.0,5,1,400.68100000000004,1
16200.0,94,1,550.57,0
16201.0,39,1,303.8,0
16202.0,290,1,365.27,1
16203.0,77,4,374.55,0
16205.0,109,1,112.35,0
16206.0,54,3,409.86,0
16208.0,219,1,497.59,0
16209.0,18,5,2262.62,1
16210.0,16,12,11607.02,0
16211.0,11,2,542.77,1
16212.0,211,2,489.0,0
16213.0,8,1,159.0,1
16214.0,100,3,1062.75,1
16215.0,10,1,242.35,1
16216.0,197,1,914.9300000000001,1
16217.0,165,4,259.39000000000004,1
16218.0,44,7,2605.67,0
16221.0,205,2,315.37,0
16222.0,248,1,846.72,1
16224.0,71,3,865.88,0
16225.0,79,4,953.64,0
16226.0,133,3,255.12,1
16227.0,149,2,308.32000000000005,1
16229.0,17,2,1010.6,1
16230.0,119,2,542.03,1
16232.0,73,3,725.04,0
16233.0,1,5,422.13,1
16235.0,11,5,666.39,0
16236.0,8,1,432.2,1
16239.0,96,2,306.6,0
16240.0,7,1,1824.79,0
16241.0,26,10,1786.14,0
16242.0,95,4,841.64,0
16244.0,141,2,1522.75,1
16245.0,51,3,760.85,0
16247.0,100,1,114.56,1
16249.0,42,4,1440.77,0
16250.0,191,2,389.44,1
16252.0,296,1,-295.09,1
16253.0,185,1,1700.4,0
16255.0,25,9,2172.18,0
16256.0,187,2,732.63,1
16257.0,106,1,46.95,1
16258.0,57,4,3741.06,0
16261.0,5,3,562.43,0
16262.0,290,1,-31.65,1
16265.0,40,9,4038.17,0
16266.0,3,7,861.89,1
16268.0,1,2,667.65,1
16270.0,283,1,1141.24,1
16271.0,56,4,887.08,0
16272.0,46,1,411.7,1
16274.0,303,1,357.95,1
16275.0,126,1,559.87,1
16276.0,106,1,810.6000000000001,1
16278.0,24,2,550.58,0
16279.0,17,3,718.08,0
16281.0,2,1,2062.06,1
16282.0,269,1,168.3,1
16283.0,50,4,582.45,0
16287.0,99,1,142.5,1
16292.0,47,2,280.9,1
16293.0,15,7,1445.8300000000002,0
16297.0,142,4,275.4,1
16298.0,116,1,114.3,0
16302.0,37,2,212.82,1
16303.0,30,3,3981.53,0
16305.0,68,1,361.21999999999997,1
16306.0,143,9,602.27,1
16308.0,37,3,1600.0,0
16309.0,21,3,686.67,1
16315.0,260,1,226.37,1
16316.0,8,11,2029.46,0
16317.0,49,3,1341.65,1
16319.0,147,1,404.40000000000003,1
16320.0,102,2,1038.46,1
16321.0,2,7,230.70000000000002,1
16323.0,126,1,207.50000000000003,1
16324.0,58,3,428.68,1
16325.0,85,3,362.92,0
16326.0,5,9,1738.96,0
16327.0,10,5,3172.39,0
16330.0,40,3,39.26,0
16332.0,2,5,1118.29,0
16333.0,28,18,15619.6,0
16338.0,87,1,214.79999999999998,1
16339.0,214,1,109.95,1
16340.0,37,1,549.07,1
16341.0,9,4,1519.4,0
16342.0,5,4,322.41,1
16344.0,88,1,101.10000000000001,1
16348.0,8,5,1050.54,0
16349.0,220,1,53.5,1
16350.0,15,3,550.4,0
16351.0,262,1,153.9,1
16353.0,17,15,3705.4100000000003,0
16354.0,3,1,366.1,0
16356.0,127,4,210.32000000000002,1
16357.0,92,2,257.95,0
16358.0,9,3,1132.0,0
16359.0,24,10,1120.68,0
16360.0,10,2,474.93,0
16361.0,1,1,334.94,0
16362.0,15,6,305.25,0
16364.0,67,1,347.55,0
16365.0,53,7,862.56,0
16367.0,292,1,170.91,0
16369.0,10,2,851.69,0
16370.0,12,4,1320.56,1
16374.0,192,1,156.3,0
16377.0,197,1,676.2,1
16378.0,177,3,362.95,1
16379.0,8,1,478.88,0
16383.0,4,2,668.36,1
16384.0,19,2,584.5,1
16385.0,88,2,274.85,0
16386.0,183,1,61.10000000000001,0
16387.0,252,1,94.36,1
16389.0,2,4,1058.91,0
16392.0,199,1,221.19,1
16393.0,24,12,1724.66,0
16394.0,2,6,1124.62,0
16395.0,8,4,1272.21,0
16398.0,74,4,1631.15,1
16399.0,165,1,178.41,0
16400.0,24,1,303.93,1
16401.0,16,15,2742.43,0
16402.0,194,2,299.6,1
16403.0,232,2,161.04999999999998,1
16405.0,232,2,167.25,1
16407.0,4,9,1794.76,0
16409.0,17,4,1420.03,0
16411.0,299,1,131.5,0
16414.0,210,1,50.8,0
16418.0,22,2,368.36,0
16419.0,42,7,959.48,1
16422.0,3,67,29786.81,0
16424.0,121,2,82.56,1
16425.0,232,1,302.7,1
16426.0,22,4,689.83,0
16427.0,193,2,241.06,1
16428.0,11,1,-2.95,1
16429.0,36,1,284.55,1
16431.0,143,3,642.81,1
16434.0,26,4,906.34,0
16438.0,12,1,204.4,0
16440.0,144,1,272.46,0
16441.0,221,1,211.0,0
16442.0,157,2,437.03,0
16444.0,25,4,525.5,0
16446.0,135,1,2.9,0
16447.0,65,1,259.01,1
16448.0,128,1,188.89000000000001,1
16449.0,120,3,674.69,1
16450.0,79,1,311.92,1
16451.0,17,1,266.97,1
16454.0,170,1,-15.05,0
16455.0,24,6,1323.3799999999999,0
16456.0,29,5,2158.37,1
16457.0,148,1,208.36,1
16458.0,2,13,2485.06,0
16460.0,2,2,512.1,0
16461.0,107,1,151.42,1
16462.0,3,3,136.0,0
16463.0,126,2,314.42,0
16464.0,10,2,998.25,0
16466.0,33,5,1002.1800000000001,0
16468.0,4,1,74.9,1
16469.0,17,3,462.72,0
16470.0,45,4,534.1800000000001,0
16471.0,204,1,223.95000000000002,1
16473.0,94,4,314.86,1
16474.0,19,4,451.66,0
16475.0,18,4,544.3,1
16477.0,61,6,1999.26,0
16480.0,5,1,769.29,1
16483.0,122,1,139.35,1
16484.0,103,3,379.4,1
16485.0,7,1,363.65,1
16488.0,44,3,347.97,0
16493.0,2,6,1329.66,1
16494.0,226,1,826.53,1
16495.0,206,2,246.51,0
16496.0,121,3,1147.74,0
16497.0,133,5,1550.7,0
16498.0,91,3,86.12,1
16499.0,290,5,319.1,1
16500.0,260,1,165.0,0
16503.0,36,5,1421.43,1
16509.0,226,1,363.7,1
16510.0,302,1,248.1,1
16511.0,74,2,582.7,0
16515.0,21,4,1250.3500000000001,0
16517.0,207,1,162.7,1
16518.0,200,2,187.29999999999998,0
16519.0,295,1,103.7,0
16520.0,116,4,1036.6200000000001,1
16523.0,9,17,6726.610000000001,0
16525.0,9,26,10369.27,0
16526.0,101,1,290.36,1
16527.0,11,1,228.06,1
16529.0,120,1,455.25,1
16531.0,4,5,889.43,0
16532.0,65,2,4516.8,0
16536.0,37,2,539.02,1
16539.0,149,3,1053.61,0
16545.0,94,1,339.3,1
16546.0,220,3,-95.93,1
16549.0,19,3,1234.01,0
16550.0,38,9,2266.25,1
16551.0,25,3,922.12,1
16552.0,172,2,379.73,1
16553.0,93,14,5664.57,1
16554.0,134,5,221.01,0
16555.0,39,1,151.98,0
16556.0,35,6,2556.37,0
16557.0,67,1,101.15,0
16558.0,8,19,5019.86,0
16560.0,288,1,332.18,0
16565.0,294,1,173.7,1
16566.0,100,4,463.23,0
16567.0,124,2,865.6,1
16570.0,57,10,2026.12,0
16571.0,87,3,858.83,0
16572.0,57,4,999.7,1
16573.0,3,4,648.41,1
16574.0,1,1,451.44,1
16579.0,295,1,-30.599999999999998,1
16581.0,85,2,70.44,1
16582.0,43,1,313.62,1
16583.0,303,1,233.45,1
16584.0,10,3,908.03,1
16586.0,178,1,463.95,1
16587.0,162,1,225.15,1
16589.0,1,3,459.24,1
16592.0,66,12,2190.43,0
16593.0,119,2,255.5,0
16594.0,5,1,181.09,1
16596.0,296,1,120.65,0
16598.0,207,2,140.7,1
16600.0,4,3,353.2,0
16603.0,4,2,482.47,1
16607.0,3,13,2272.9,0
16609.0,11,8,3987.32,0
16610.0,149,1,75.66,1
16611.0,116,2,120.99000000000001,1
16612.0,49,3,870.3000000000001,0
16614.0,112,1,506.19,1
16616.0,87,1,210.10000000000002,0
16617.0,165,1,151.85,1
16618.0,133,5,1424.34,0
16619.0,183,2,204.41,1
16620.0,190,1,95.75999999999999,0
16621.0,77,3,609.41,0
16623.0,175,1,129.45,1
16624.0,10,2,810.5699999999999,1
16625.0,204,1,333.08,1
16626.0,2,12,2629.29,0
16627.0,9,1,322.8,1
16628.0,36,5,1614.83,0
16629.0,3,2,417.73,1
16633.0,8,4,1509.0,0
16634.0,152,2,217.9,1
16637.0,53,2,530.55,0
16638.0,29,10,1546.69,0
16639.0,136,2,471.15000000000003,0
16641.0,35,1,231.10000000000002,1
16642.0,136,2,299.23,0
16643.0,175,1,487.51,1
16644.0,107,2,833.78,1
16647.0,99,2,214.06,1
16650.0,1,1,518.42,1
16652.0,30,8,4409.91,0
16653.0,1,1,1117.86,0
16654.0,71,5,594.97,1
16655.0,5,4,2911.2,0
16656.0,9,17,7416.45,0
16657.0,78,2,446.11,0
16658.0,298,1,123.24,1
16659.0,119,1,39.12,1
16660.0,140,2,384.36,0
16665.0,292,1,135.39999999999998,1
16667.0,214,1,203.35,0
16668.0,46,5,266.52,0
16669.0,8,3,725.49,0
16670.0,18,12,3182.37,0
16671.0,94,1,1382.88,0
16672.0,2,21,7285.99,0
16674.0,28,1,122.2,0
16676.0,134,4,1065.1,0
16678.0,28,9,2134.8,0
16679.0,296,1,129.75,1
16681.0,2,6,1770.34,1
16682.0,22,3,810.22,0
16684.0,63,21,33122.02,0
16686.0,28,8,2460.36,0
16689.0,5,3,303.26,1
16690.0,2,2,225.57999999999998,0
16692.0,186,2,1276.0,1
16693.0,201,1,157.56,0
16696.0,65,4,657.9000000000001,1
16697.0,171,1,112.75,1
16698.0,156,2,1998.0,1
16700.0,10,15,4387.07,0
16701.0,59,15,3802.39,0
16705.0,4,19,10107.460000000001,0
16706.0,28,2,411.55,0
16709.0,14,5,3029.87,1
16710.0,4,8,2093.59,0
16711.0,70,3,909.87,0
16712.0,25,8,2499.86,0
16713.0,3,18,4517.07,0
16714.0,148,4,911.53,1
16715.0,8,1,301.71999999999997,1
16716.0,196,3,319.8000000000001,1
16717.0,25,6,1000.09,0
16718.0,299,1,623.75,1
16719.0,4,7,1481.25,0
16721.0,192,1,292.47,1
16722.0,29,13,3636.98,0
16723.0,21,2,589.15,1
16725.0,232,8,775.07,1
16726.0,126,4,795.19,0
16727.0,294,1,272.82,1
16728.0,96,3,550.0,0
16729.0,15,22,5574.44,0
16730.0,164,3,440.62,0
16734.0,44,2,306.15999999999997,0
16735.0,8,7,2269.21,1
16738.0,227,1,3.75,1
16739.0,102,2,312.55,1
16743.0,43,7,1839.6100000000001,0
16744.0,5,4,628.53,0
16745.0,16,18,7170.7,1
16746.0,5,15,5318.5,0
16748.0,147,3,910.2,0
16750.0,3,4,509.19,0
16752.0,302,1,207.5,1
16754.0,302,1,2002.4,1
16755.0,44,5,1484.63,1
16756.0,144,1,239.4,1
16757.0,248,1,106.83000000000001,1
16761.0,26,1,316.62,1
16762.0,74,1,314.15000000000003,0
16763.0,115,2,594.9,1
16764.0,2,6,1085.72,0
16765.0,224,1,34.0,1
16766.0,203,2,1145.6,1
16767.0,23,7,4825.5,0
16768.0,33,3,274.74,0
16769.0,190,1,380.39,1
16770.0,166,5,631.28,0
16771.0,5,4,2102.51,0
16774.0,46,4,535.6,0
16775.0,2,9,1358.08,0
16777.0,10,2,226.35,1
16778.0,4,2,245.94,1
16779.0,1,21,7188.610000000001,0
16780.0,30,2,425.19,1
16781.0,295,2,294.65,1
16782.0,7,15,1772.55,0
16788.0,53,2,597.48,1
16791.0,52,5,800.27,0
16792.0,212,2,110.38000000000001,1
16794.0,19,6,708.18,0
16795.0,295,1,414.88,1
16796.0,19,1,305.62,1
16801.0,93,5,867.83,1
16804.0,200,1,118.05,0
16805.0,103,2,460.59,1
16806.0,33,4,801.49,1
16807.0,72,3,1121.59,1
16808.0,29,2,288.42,1
16809.0,66,4,468.74,0
16810.0,122,2,275.64,1
16812.0,290,1,479.35,1
16813.0,8,8,1299.89,0
16814.0,17,18,5771.89,0
16816.0,33,4,417.06,1
16817.0,105,11,1021.63,0
16818.0,1,12,3190.21,0
16820.0,25,1,497.61,1
16823.0,157,1,358.38,1
16824.0,94,1,222.9,0
16825.0,115,1,318.7,0
16828.0,23,2,128.5,1
16829.0,86,1,197.22,1
16832.0,114,3,199.15,1
16833.0,189,3,671.29,0
16834.0,157,1,413.46,1
16835.0,58,2,180.85,1
16836.0,46,1,91.32000000000001,0
16837.0,87,10,1908.49,0
16838.0,127,3,582.9,1
16839.0,4,28,12558.7,0
16841.0,37,6,1465.86,0
16842.0,30,3,1264.19,0
16843.0,23,14,8796.49,0
16849.0,116,1,124.57,1
16850.0,263,1,332.41,1
16852.0,106,1,113.06,0
16858.0,296,2,345.89000000000004,1
16859.0,36,5,473.14,1
16861.0,88,2,48.69000000000001,0
16863.0,290,2,162.8,0
16866.0,70,3,207.73999999999998,1
16869.0,95,2,387.68,0
16871.0,19,6,2316.41,0
16872.0,7,3,680.02,1
16873.0,57,7,3825.67,0
16875.0,71,7,1078.95,0
16877.0,82,2,188.98,0
16878.0,14,1,13.3,0
16880.0,29,6,1109.02,0
16882.0,169,2,215.70000000000002,0
16883.0,117,2,276.73,1
16885.0,287,1,190.65,0
16889.0,124,3,1578.67,1
16891.0,25,3,560.14,0
16892.0,113,2,87.03,0
16893.0,296,1,145.93,1
16897.0,229,3,213.03,1
16898.0,107,3,255.12,0
16899.0,19,4,588.28,0
16902.0,46,1,1706.88,1
16904.0,24,14,3049.07,0
16905.0,166,4,836.98,0
16906.0,11,4,579.77,1
16907.0,78,4,711.88,0
16909.0,2,1,379.14,0
16910.0,7,4,755.08,0
16912.0,64,9,1524.17,0
16913.0,220,1,113.44,1
16915.0,57,4,382.39000000000004,0
16916.0,302,1,198.08,0
16917.0,206,1,391.52,1
16918.0,25,3,822.7,0
16919.0,86,11,2596.45,1
16923.0,29,21,4340.7300000000005,0
16924.0,14,1,271.11,0
16926.0,301,1,230.25,1
16927.0,45,3,543.05,1
16928.0,10,19,2781.5,1
16929.0,1,3,539.72,0
16931.0,5,15,3198.29,0
16933.0,165,3,208.03,0
16938.0,109,4,1577.5,0
16940.0,99,2,1868.36,0
16942.0,66,8,1422.66,0
16943.0,141,3,816.73,1
16945.0,15,14,3292.54,0
16947.0,165,1,406.48,1
16948.0,68,3,435.02,1
16949.0,109,5,768.75,0
16950.0,54,2,778.41,0
16951.0,53,4,1262.75,1
16952.0,39,2,167.61,1
16954.0,54,4,1245.3799999999999,0
16955.0,114,5,493.67,1
16957.0,169,2,416.64,1
16959.0,17,1,117.35000000000001,1
16960.0,182,1,201.53,0
16961.0,46,1,234.17,1
16963.0,117,1,110.55000000000001,1
16965.0,156,1,201.19,1
16966.0,93,6,1480.56,0
16967.0,119,1,319.02,1
16968.0,37,1,253.31,0
16969.0,64,2,478.96000000000004,0
16976.0,197,1,251.51999999999998,1
16978.0,7,1,344.33,1
16979.0,77,3,545.6999999999999,0
16980.0,185,2,1078.96,1
16983.0,26,6,1179.25,0
16984.0,8,5,4392.42,1
16985.0,18,9,4077.94,0
16987.0,100,3,629.45,0
16989.0,9,3,928.6500000000001,0
16990.0,148,1,179.0,1
16992.0,28,4,959.9,0
16995.0,302,1,-1.25,1
16996.0,37,8,1012.2800000000001,0
16997.0,218,3,702.0,1
16998.0,79,6,287.02000000000004,1
16999.0,4,1,245.83,0
17001.0,21,8,2793.49,0
17002.0,3,4,1487.78,1
17004.0,22,1,1006.4,0
17006.0,5,1,280.76,0
17007.0,85,6,562.94,0
17015.0,1,2,1569.98,0
17017.0,2,21,6141.389999999999,0
17018.0,255,1,405.0,0
17019.0,191,3,995.93,0
17024.0,29,2,56.25,0
17025.0,303,2,160.97,0
17026.0,115,2,154.82999999999998,1
17027.0,8,7,848.59,1
17029.0,40,2,716.0,1
17031.0,84,1,225.95,0
17033.0,16,3,1030.14,1
17034.0,9,2,364.88,0
17035.0,175,3,388.33,1
17037.0,8,2,1253.22,1
17040.0,67,1,449.73,1
17041.0,38,3,735.09,0
17042.0,51,4,922.8199999999999,0
17043.0,108,2,324.96999999999997,0
17044.0,289,1,-35.1,0
17045.0,43,3,339.44,1
17046.0,87,1,642.02,1
17047.0,15,3,1100.9,1
17048.0,45,6,864.32,1
17049.0,14,7,3233.94,0
17050.0,26,6,3228.84,1
17051.0,124,1,247.14000000000001,1
17053.0,58,2,496.38,1
17054.0,64,5,1204.82,0
17058.0,11,3,1179.89,1
17059.0,40,4,2250.1,0
17060.0,196,1,234.24,1
17061.0,3,12,5116.13,1
17062.0,243,5,534.47,1
17063.0,88,6,636.9200000000001,0
17064.0,112,2,461.3,0
17065.0,73,1,-112.35,1
17068.0,14,18,3805.89,0
17069.0,7,11,2004.43,0
17070.0,44,1,312.14,1
17071.0,15,10,1660.57,0
17073.0,12,2,841.1899999999999,0
17075.0,183,4,675.72,0
17076.0,203,2,334.2,0
17079.0,8,1,118.80000000000001,1
17080.0,198,2,74.2,0
17082.0,248,1,636.94,0
17083.0,39,3,1405.78,1
17085.0,53,6,1555.05,1
17088.0,2,3,1751.73,0
17090.0,18,5,1517.51,0
17091.0,28,8,2667.05,0
17092.0,17,3,989.6700000000001,0
17094.0,248,2,270.20000000000005,1
17095.0,228,4,325.85,0
17096.0,66,3,419.09,0
17097.0,30,7,623.03,0
17101.0,108,1,230.57999999999998,0
17102.0,191,1,25.5,1
17105.0,89,2,665.78,1
17107.0,5,4,8516.77,0
17109.0,162,2,464.59000000000003,0
17110.0,95,1,163.29999999999998,1
17114.0,68,8,542.19,0
17115.0,109,4,582.22,0
17117.0,218,1,116.19999999999999,1
17118.0,247,1,157.02,1
17120.0,163,1,307.46,1
17122.0,49,1,138.32,1
17123.0,91,1,345.29999999999995,1
17124.0,115,1,298.89,1
17126.0,82,7,991.85,1
17128.0,264,1,157.09,1
17131.0,5,1,789.77,0
17133.0,17,4,4137.6900000000005,0
17134.0,36,2,425.0,1
17135.0,219,2,500.55,0
17138.0,205,1,380.5,1
17139.0,15,11,8304.16,0
17140.0,177,1,465.32,1
17142.0,169,1,579.0,1
17144.0,14,1,595.89,0
17146.0,35,3,749.78,1
17147.0,10,5,1314.35,0
17152.0,124,4,1503.5,1
17154.0,5,1,329.34,1
17155.0,107,1,143.3,0
17157.0,102,2,149.01,0
17158.0,162,2,698.55,0
17159.0,5,2,926.67,0
17160.0,39,5,3001.18,0
17162.0,61,10,1455.41,0
17163.0,8,1,123.10000000000001,0
17164.0,9,4,2016.26,0
17165.0,214,1,158.68,1
17166.0,126,2,110.74,0
17169.0,109,2,296.43,0
17171.0,219,1,224.91,1
17172.0,4,2,313.26,1
17173.0,31,3,950.31,0
17174.0,147,1,59.9,1
17175.0,67,4,1119.8799999999999,0
17176.0,131,1,306.13,1
17179.0,108,3,711.79,1
17180.0,171,5,549.21,0
17181.0,303,1,155.52,0
17183.0,35,1,329.67,0
17187.0,156,1,203.95,1
17188.0,94,7,1616.44,0
17189.0,36,2,384.40000000000003,1
17190.0,116,2,0.0,0
17191.0,24,6,1562.96,0
17193.0,16,4,739.3000000000001,0
17194.0,203,2,262.62,1
17198.0,295,2,521.66,0
17204.0,99,9,1352.91,1
17211.0,110,7,1447.34,0
17212.0,183,1,226.85,1
17213.0,71,9,1739.8600000000001,0
17214.0,15,6,779.12,0
17217.0,164,1,113.5,1
17218.0,1,7,1360.6,0
17220.0,1,11,2620.71,0
17223.0,240,2,426.79,1
17226.0,238,1,393.49,1
17227.0,102,3,473.75,0
17228.0,17,5,1056.3,0
17229.0,26,2,318.76,1
17230.0,194,11,3466.67,1
17231.0,56,9,1903.1200000000001,0
17234.0,112,1,149.89000000000001,1
17235.0,302,1,341.9,0
17236.0,109,5,697.73,0
17238.0,14,12,2224.23,0
17239.0,242,2,379.95,1
17242.0,38,2,1135.04,1
17243.0,8,21,4654.56,0
17245.0,134,1,171.45,1
17248.0,50,1,318.65,1
17250.0,191,1,162.65,0
17251.0,292,1,283.28000000000003,1
17252.0,46,2,353.86,1
17255.0,229,1,112.46,0
17256.0,37,2,240.0,1
17259.0,78,2,603.37,1
17262.0,157,4,955.3600000000001,0
17263.0,138,1,63.440000000000005,1
17265.0,68,2,562.9,1
17266.0,77,1,113.06,0
17267.0,57,2,317.62,1
17268.0,37,4,763.64,1
17272.0,126,3,1405.34,0
17277.0,157,2,1065.3500000000001,1
17278.0,171,1,246.04,1
17282.0,60,3,1703.41,1
17284.0,50,6,1483.24,0
17287.0,4,6,880.3,0
17288.0,137,5,663.7,0
17289.0,110,1,167.35999999999999,0
17291.0,238,1,550.8000000000001,1
17293.0,15,6,1117.37,0
17298.0,31,2,498.42,1
17299.0,19,3,578.05,0
17302.0,43,4,645.91,0
17303.0,291,1,250.04,1
17306.0,1,18,7175.66,0
17307.0,295,1,-152.64000000000001,1
17309.0,25,1,82.75,1
17311.0,8,2,1384.85,1
17312.0,68,3,644.3,1
17314.0,78,7,1496.47,0
17315.0,5,36,4857.54,0
17317.0,19,1,2027.94,0
17320.0,30,3,1200.6200000000001,1
17323.0,54,5,532.2,0
17324.0,261,2,702.23,0
17325.0,210,1,96.8,1
17329.0,245,1,243.36,0
17331.0,53,1,175.2,1
17333.0,15,1,494.25,1
17334.0,231,3,306.6,1
17337.0,81,7,1944.32,1
17338.0,44,8,5186.22,0
17339.0,24,2,243.36,1
17340.0,7,14,8119.2300000000005,0
17341.0,86,3,781.36,1
17343.0,285,1,193.64,1
17345.0,23,3,284.13,0
17346.0,33,8,1266.21,0
17347.0,16,1,228.96,1
17348.0,1,2,660.61,0
17349.0,109,1,110.75,1
17351.0,99,2,427.3,0
17353.0,59,2,1740.0,1
17356.0,241,1,178.22,1
17358.0,233,2,365.85,1
17360.0,114,1,330.95,0
17361.0,116,2,263.92,0
17362.0,169,2,312.23,1
17364.0,67,7,2608.36,0
17365.0,17,6,3497.48,0
17367.0,168,1,168.4,1
17368.0,23,7,1072.52,0
17370.0,2,4,446.18,1
17371.0,291,1,97.63,0
17372.0,96,6,1061.13,0
17373.0,1,3,433.52,0
17374.0,148,2,495.77,1
17375.0,120,4,372.5,1
17376.0,241,1,105.85,1
17377.0,4,12,2161.27,0
17381.0,29,25,18258.47,0
17384.0,149,1,227.65,0
17386.0,29,5,1697.3400000000001,0
17388.0,7,4,1259.56,1
17389.0,4,35,13061.94,0
17391.0,93,2,508.8,1
17392.0,236,2,457.91,1
17394.0,149,1,203.86999999999998,1
17396.0,78,6,4801.8,0
17398.0,44,3,653.38,1
17400.0,56,5,2129.96,1
17402.0,15,9,1847.6499999999999,0
17404.0,17,13,23750.38,0
17405.0,2,2,883.01,0
17406.0,260,5,1928.72,1
17408.0,93,1,32.65,1
17409.0,114,2,771.85,1
17410.0,26,2,419.55,0
17411.0,5,3,539.44,0
17412.0,126,4,709.82,0
17414.0,114,1,598.0,0
17415.0,9,1,507.84,1
17416.0,7,8,5823.7300000000005,0
17418.0,253,1,167.39000000000001,0
17419.0,73,9,2649.25,0
17420.0,101,2,391.51,0
17422.0,16,9,1572.73,0
17423.0,136,2,432.14,0
17426.0,21,4,4280.59,0
17427.0,1,1,100.8,1
17428.0,7,26,14572.97,0
17429.0,50,4,512.12,1
17430.0,295,1,112.6,0
17431.0,243,1,403.3,1
17433.0,18,1,303.15999999999997,1
17434.0,9,2,492.61,0
17436.0,156,1,122.39999999999999,0
17438.0,177,2,378.3,1
17440.0,77,5,177.1,1
17442.0,23,8,1888.34,0
17443.0,149,1,534.24,1
17444.0,77,3,2940.04,1
17446.0,106,2,120.9,1
17447.0,1,1,372.48,0
17448.0,74,1,-4287.63,1
17449.0,18,5,1481.55,0
17450.0,1,39,151026.36,0
17451.0,11,3,531.13,0
17454.0,122,4,517.53,1
17455.0,133,1,131.7,1
17456.0,295,1,249.86,1
17457.0,56,5,1737.7,1
17460.0,8,8,452.63,1
17462.0,214,1,463.40999999999997,0
17463.0,102,4,1230.59,0
17464.0,88,1,289.96000000000004,1
17466.0,8,1,460.41,0
17469.0,2,5,1464.16,0
17470.0,57,4,816.47,0
17472.0,121,3,710.29,1
17475.0,9,1,194.37,1
17480.0,3,2,506.51,1
17481.0,23,1,260.63,0
17483.0,64,2,274.74,0
17486.0,191,1,396.87,1
17489.0,142,1,208.56,0
17490.0,3,4,995.75,0
17491.0,4,8,2406.67,0
17492.0,178,1,374.57,1
17496.0,288,1,271.05,1
17498.0,5,1,272.22,1
17499.0,219,1,622.88,1
17501.0,150,2,288.6,1
17504.0,136,10,2745.2799999999997,1
17505.0,91,2,1145.84,1
17506.0,5,1,302.2,1
17507.0,191,2,605.58,1
17508.0,210,1,387.31,1
17511.0,3,35,64020.82,0
17512.0,51,9,1886.95,0
17513.0,2,1,513.2,1
17514.0,58,1,208.65,1
17515.0,136,3,571.37,0
17516.0,49,4,608.85,0
17517.0,238,1,153.94,1
17519.0,63,6,1483.05,0
17521.0,129,1,159.56,0
17522.0,68,4,912.25,0
17524.0,291,1,145.0,1
17525.0,289,1,422.70000000000005,1
17526.0,134,6,399.5,0
17527.0,10,4,747.66,0
17528.0,1,2,1107.08,0
17530.0,15,7,1763.41,0
17531.0,50,2,293.45,1
17535.0,210,1,164.4,1
17536.0,107,1,76.5,1
17537.0,233,1,630.7,0
17540.0,246,1,268.8,0
17542.0,199,1,170.75,1
17547.0,302,1,-11.8,1
17548.0,147,3,-141.48,1
17550.0,127,3,267.16,1
17551.0,289,1,306.84,1
17552.0,1,3,913.91,0
17553.0,59,1,1487.6,1
17554.0,52,2,1249.89,0
17555.0,264,1,195.45,0
17556.0,135,1,157.9,1
17557.0,11,1,288.36,0
17560.0,24,5,854.95,1
17562.0,17,6,837.88,0
17564.0,10,1,119.12,0
17567.0,9,8,2606.5299999999997,0
17569.0,262,1,344.14,1
17571.0,75,3,561.2,0
17572.0,1,4,226.75000000000003,1
17573.0,15,3,164.51,0
17574.0,172,1,185.65,1
17576.0,3,18,2710.0,0
17578.0,120,2,124.74,1
17579.0,50,3,262.16,0
17580.0,182,3,215.72,1
17581.0,2,25,8069.14,0
17582.0,166,1,175.27,1
17584.0,57,1,749.45,0
17585.0,39,4,1133.07,1
17588.0,30,3,1240.2,1
17589.0,81,3,1843.07,0
17591.0,3,8,2215.02,1
17593.0,21,5,3233.36,0
17594.0,15,2,993.18,1
17596.0,66,4,1738.73,0
17597.0,143,1,2044.3700000000001,1
17601.0,169,1,116.00999999999999,1
17602.0,15,4,2140.2400000000002,0
17603.0,8,4,-1161.55,0
17604.0,147,2,309.36,1
17609.0,3,4,742.74,0
17611.0,2,12,2998.87,0
17612.0,11,9,1627.25,0
17613.0,11,12,3756.35,0
17615.0,60,3,329.6,1
17616.0,103,3,571.1999999999999,1
17618.0,178,2,666.78,0
17619.0,242,1,218.52,1
17621.0,121,3,857.98,0
17624.0,148,1,400.3,0
17625.0,70,2,1234.78,0
17628.0,11,1,75.75,1
17629.0,50,6,768.38,0
17630.0,99,2,503.59999999999997,1
17631.0,67,2,416.5,0
17633.0,1,4,937.0,0
17634.0,22,7,2080.45,0
17637.0,45,1,338.95,0
17639.0,206,1,108.5,1
17640.0,16,1,621.66,1
17642.0,49,2,712.29,1
17643.0,303,1,101.55,1
17644.0,8,13,2023.41,0
17646.0,149,4,995.6600000000001,1
17648.0,92,4,1099.44,0
17649.0,64,2,861.74,1
17651.0,9,7,1767.41,0
17652.0,14,10,3182.78,0
17653.0,29,2,343.34,0
17654.0,207,1,117.55,1
17655.0,46,6,1836.13,0
17656.0,3,5,1674.69,1
17658.0,141,1,317.59999999999997,0
17659.0,30,10,1622.43,0
17660.0,71,1,196.0,1
17663.0,7,7,1273.17,0
17664.0,142,1,326.19,0
17667.0,91,4,1751.01,0
17669.0,15,6,3194.72,0
17670.0,157,1,205.7,1
17671.0,64,5,809.92,0
17672.0,207,2,1152.3400000000001,0
17673.0,92,4,1209.77,0
17674.0,4,2,551.04,1
17675.0,30,31,13897.99,0
17676.0,36,5,726.4300000000001,0
17677.0,11,34,12601.92,0
17678.0,193,1,298.11,1
17679.0,15,1,1643.2,0
17682.0,45,6,1884.3500000000001,0
17685.0,18,6,2799.13,0
17686.0,10,6,5110.09,0
17690.0,31,11,3526.68,0
17691.0,288,2,290.40000000000003,1
17692.0,57,5,733.4399999999999,1
17693.0,66,3,187.02,1
17694.0,71,1,283.12,1
17695.0,61,2,765.34,1
17696.0,18,13,1830.93,0
17697.0,166,1,338.95,1
17698.0,190,1,154.95,1
17700.0,24,5,1656.08,0
17701.0,182,1,417.95,1
17702.0,9,5,1234.12,0
17703.0,39,2,490.96,0
17704.0,98,2,885.19,1
17705.0,4,8,1149.52,0
17706.0,30,16,7671.18,0
17707.0,115,2,152.4,1
17708.0,117,2,267.08,1
17709.0,99,1,137.45,1
17711.0,219,1,220.53000000000003,0
17714.0,250,1,153.0,1
17715.0,130,1,326.4,1
17716.0,5,10,4852.11,0
17718.0,162,1,139.35,1
17719.0,5,17,5060.66,0
17720.0,43,3,887.6,0
17722.0,26,6,2380.64,1
17723.0,57,6,3276.4000000000005,1
17724.0,1,3,1033.0,0
17725.0,30,11,2439.17,0
17728.0,14,2,5.684341886080802e-14,0
17730.0,8,10,3541.08,0
17731.0,9,5,878.2,1
17732.0,302,1,303.97,1
17733.0,191,1,216.95000000000002,0
17734.0,66,2,540.21,0
17735.0,23,16,11091.24,0
17736.0,43,1,307.49,0
17738.0,73,4,1555.79,0
17739.0,1,5,1607.63,0
17742.0,43,2,355.11,1
17744.0,180,5,1257.6399999999999,0
17746.0,164,2,98.8,1
17747.0,30,2,64.65,1
17749.0,108,2,674.52,1
17750.0,12,6,1401.09,0
17752.0,289,1,80.64,1
17754.0,72,3,542.72,0
17757.0,17,22,3461.84,0
17758.0,9,5,2122.23,0
17759.0,99,2,167.15,0
17760.0,303,1,172.54,0
17763.0,193,1,15.0,1
17764.0,141,1,261.97,0
17765.0,88,3,371.88,1
17768.0,96,1,411.33,0
17769.0,68,4,1828.73,0
17770.0,128,5,1143.27,1
17771.0,253,1,115.8,0
17774.0,26,5,1215.46,1
17775.0,184,1,56.4,1
17777.0,30,1,194.7,0
17779.0,17,3,485.61,0
17781.0,89,2,188.02,1
17783.0,2,2,283.47,1
17786.0,15,2,278.74,1
17787.0,82,4,1865.19,1
17788.0,3,2,1117.9,1
17789.0,211,1,225.9,1
17790.0,50,12,1363.51,0
17795.0,109,2,350.39,1
17796.0,243,3,622.0,0
17797.0,112,1,272.41,0
17799.0,29,10,2501.9,0
17800.0,21,7,916.6,0
17802.0,12,4,1251.84,1
17805.0,3,1,512.31,1
17809.0,59,10,2138.42,0
17811.0,3,35,5182.14,0
17812.0,298,1,217.54999999999998,0
17813.0,1,1,306.61,0
17816.0,199,2,21.31,0
17817.0,207,2,269.7,0
17819.0,1,8,3661.0699999999997,1
17820.0,121,2,-24.05,1
17827.0,172,4,1583.81,0
17828.0,31,5,1048.16,0
17829.0,228,1,889.24,1
17830.0,191,2,287.65000000000003,0
17837.0,5,5,533.25,0
17838.0,19,4,2312.7,0
17841.0,2,122,25595.39,0
17843.0,233,1,205.48,1
17844.0,36,1,51.559999999999995,1
17846.0,15,1,2033.1,1
17848.0,11,9,901.1999999999999,1
17849.0,148,4,605.8000000000001,1
17850.0,232,35,5288.63,1
17854.0,115,2,311.26,1
17855.0,302,1,208.97,1
17856.0,163,5,1118.39,0
17857.0,2,16,14767.02,0
17858.0,12,10,3922.39,0
17859.0,234,1,148.21,1
17860.0,298,1,252.8,1
17861.0,66,6,1259.97,0
17862.0,253,1,330.9,1
17863.0,10,5,2127.3,0
17864.0,19,2,480.72,0
17865.0,9,23,8202.65,0
17866.0,72,2,325.7,1
17867.0,7,6,383.13,0
17869.0,37,5,428.18,1
17870.0,1,9,904.81,0
17871.0,134,1,155.9,1
17873.0,10,6,1764.3600000000001,1
17874.0,115,7,658.26,1
17877.0,100,1,237.61,1
17879.0,103,1,178.51999999999998,1
17880.0,294,1,458.92,1
17881.0,234,1,133.35000000000002,1
17883.0,16,2,197.8,0
17884.0,241,3,602.84,0
17886.0,140,2,396.26,0
17887.0,59,1,111.35,1
17888.0,9,6,237.38,0
17889.0,142,2,203.87,1
17890.0,252,2,602.09,1
17891.0,92,1,203.85999999999999,1
17892.0,85,1,142.1,0
17893.0,155,1,112.25,1
17894.0,1,8,1119.81,1
17897.0,102,4,541.1,1
17898.0,15,2,152.06,1
17899.0,89,1,155.8,1
17900.0,94,4,15.0,1
17905.0,1,4,800.24,1
17906.0,177,1,72.9,1
17908.0,303,1,243.28,1
17912.0,240,6,295.61,1
17913.0,285,1,218.05,0
17917.0,186,2,230.46,0
17919.0,18,1,1304.04,1
17920.0,8,10,2633.82,0
17921.0,78,3,601.76,0
17923.0,212,1,207.50000000000003,1
17924.0,228,5,456.50000000000006,0
17925.0,302,1,244.08,1
17926.0,63,2,397.29,1
17928.0,176,1,78.25999999999999,0
17929.0,7,4,698.5,0
17930.0,1,3,990.6,0
17931.0,64,2,408.36,1
17932.0,103,2,934.51,0
17935.0,68,2,145.79,1
17937.0,44,5,3614.52,0
17939.0,89,1,99.14,1
17940.0,38,13,1791.5800000000002,0
17941.0,60,1,304.56,1
17946.0,163,2,149.57999999999998,1
17948.0,77,1,358.56000000000006,1
17949.0,23,38,42995.82,0
17950.0,2,4,472.12,1
17951.0,284,3,391.8,0
17954.0,53,14,1852.86,0
17955.0,128,4,557.3,1
17956.0,179,1,12.75,1
17958.0,46,1,508.4599999999999,1
17960.0,101,1,73.78,1
17961.0,11,35,1266.64,0
17962.0,72,1,102.83,1
17964.0,302,1,261.76,0
17965.0,21,12,2271.04,0
17966.0,81,4,594.43,0
17967.0,301,1,123.07,1
17968.0,303,1,277.35,1
17969.0,96,2,228.2,1
17970.0,141,1,582.59,1
17972.0,171,1,136.04,1
17974.0,149,1,172.77,0
17975.0,44,12,3860.8,0
17976.0,302,1,353.19,1
17978.0,295,1,300.91999999999996,1
17979.0,98,4,484.64,0
17980.0,95,3,811.45,1
17984.0,75,1,152.68,1
17987.0,115,1,198.57,1
17988.0,47,6,136.05,0
17990.0,166,3,630.84,1
17991.0,155,2,93.35,1
17994.0,51,6,629.6899999999999,1
17995.0,211,1,76.1,1
17997.0,4,12,1511.3,1
17999.0,296,1,190.34,0
18001.0,16,1,252.23,0
18004.0,292,1,169.47,1
18008.0,3,8,2107.91,1
18009.0,165,2,252.24,1
18010.0,186,1,174.8,1
18011.0,303,1,102.78999999999999,1
18013.0,85,2,187.29,1
18016.0,4,4,1113.31,0
18017.0,11,3,523.0,1
18018.0,38,2,122.14,1
18024.0,82,3,236.77999999999997,1
18027.0,28,1,115.31,1
18032.0,264,1,73.5,1
18036.0,35,2,254.54,0
18037.0,84,6,70.02,1
18040.0,175,1,239.0,0
18041.0,7,18,3196.05,0
18043.0,136,2,451.81,0
18044.0,17,8,1537.5,0
18048.0,133,2,172.29000000000002,1
18050.0,289,1,74.4,1
18055.0,14,9,4873.82,0
18056.0,218,1,363.65,1
18061.0,37,8,1793.51,0
18062.0,103,3,720.52,1
18064.0,63,2,814.0,1
18065.0,16,12,1936.44,0
18066.0,5,1,318.0,1
18068.0,219,1,101.69999999999999,1
18069.0,18,5,1777.02,0
18071.0,187,2,453.0,1
18072.0,85,2,-5.329070518200751e-15,1
18073.0,44,13,3864.44,1
18074.0,303,1,489.6,1
18075.0,36,12,1884.72,0
18077.0,33,7,1670.94,0
18078.0,147,2,336.13,1
18079.0,56,2,2206.18,0
18080.0,172,1,841.4999999999999,0
18081.0,42,2,208.05,0
18084.0,231,1,-2.95,0
18085.0,260,2,689.95,1
18086.0,204,1,101.34,1
18087.0,28,4,3770.1199999999994,1
18092.0,16,9,7155.5199999999995,0
18093.0,23,5,2083.42,1
18094.0,11,7,3017.3,1
18095.0,242,2,580.0500000000001,1
18097.0,30,6,2006.45,0
18099.0,57,1,168.31,1
18101.0,73,1,110.23,0
18102.0,2,42,176940.6,0
18106.0,259,1,430.7,1
18108.0,178,2,264.65,1
18109.0,2,24,5034.84,0
18112.0,96,1,196.64,0
18113.0,298,1,76.32000000000001,1
18114.0,220,1,220.1,1
18116.0,164,7,1254.47,0
18118.0,7,25,4377.28,0
18119.0,297,1,181.12,1
18120.0,144,1,111.15,1
18121.0,79,2,673.1,1
18122.0,14,2,321.13,0
18125.0,131,4,943.49,0
18127.0,63,1,139.6,0
18129.0,173,1,112.55000000000001,1
18133.0,141,2,715.4999999999999,1
18135.0,10,2,233.47,0
18136.0,136,3,578.35,0
18138.0,225,1,152.65,1
18141.0,290,1,-35.400000000000006,1
18142.0,81,4,1014.9,1
18143.0,46,2,1000.16,1
18144.0,8,10,2341.75,0
18145.0,17,3,2103.25,0
18146.0,70,2,160.35000000000002,1
18147.0,38,1,98.88,0
18149.0,145,2,549.68,0
18150.0,70,2,413.28,0
18151.0,64,2,653.35,1
18155.0,5,4,347.82,1
18156.0,299,1,206.23000000000002,0
18158.0,16,2,342.15,0
18159.0,231,1,530.15,1
18160.0,130,1,318.55,0
18161.0,70,3,771.26,0
18165.0,107,1,302.46000000000004,1
18167.0,21,2,485.33,0
18168.0,106,9,1133.64,1
18170.0,42,2,655.51,0
18171.0,29,6,971.51,0
18172.0,8,18,6307.76,0
18173.0,16,4,2106.84,1
18176.0,283,2,448.65,1
18177.0,87,6,1010.57,0
18178.0,43,6,1573.41,1
18179.0,182,4,1103.16,0
18180.0,10,4,1206.36,0
18183.0,148,6,600.52,1
18185.0,179,1,304.25,1
18188.0,7,2,1608.28,0
18189.0,7,3,1084.34,1
18190.0,122,3,274.51,1
18191.0,191,1,207.79999999999998,1
18192.0,1,1,957.97,1
18193.0,80,3,212.96,1
18194.0,12,1,973.8399999999999,0
18196.0,25,2,689.13,1
18198.0,1,19,4461.530000000001,0
18200.0,36,1,163.8,1
18202.0,129,3,1396.99,1
18203.0,87,1,160.42000000000002,1
18204.0,1,4,1979.3,1
18205.0,4,1,225.76,0
18210.0,197,1,142.4,0
18211.0,15,3,420.2,0
18212.0,256,1,248.42,1
18213.0,166,1,232.48000000000002,1
18215.0,19,1,299.34000000000003,1
18218.0,136,4,626.38,1
18219.0,79,8,1367.13,0
18220.0,149,2,297.78000000000003,1
18221.0,45,4,698.56,0
18222.0,22,1,443.0,1
18223.0,2,22,3908.4,0
18224.0,193,1,158.95000000000002,1
18225.0,2,13,3770.86,0
18226.0,7,12,4711.5,0
18227.0,147,1,93.75,1
18228.0,9,1,420.39,0
18229.0,16,15,5539.06,0
18230.0,24,7,2065.36,0
18231.0,122,6,2066.17,1
18232.0,11,5,582.47,1
18233.0,255,1,440.0,1
18235.0,1,3,1796.48,1
18236.0,9,5,773.74,0
18237.0,21,3,725.55,0
18239.0,148,5,1561.6100000000001,1
18241.0,4,14,1628.92,0
18242.0,2,4,2232.4900000000002,1
18245.0,79,7,1613.31,0
18246.0,163,1,232.9,0
18248.0,43,4,783.02,1
18250.0,231,2,342.92,1
18251.0,17,1,4314.72,1
18252.0,101,1,69.89999999999999,0
18255.0,19,1,103.3,1
18256.0,284,1,-50.1,1
18257.0,44,9,1490.6200000000001,0
18259.0,15,2,1268.2,0
18260.0,102,8,2595.0,1
18261.0,25,1,224.8,0
18262.0,70,1,149.48,1
18263.0,85,2,811.4,0
18265.0,2,2,801.51,1
18268.0,64,2,0.0,1
18269.0,288,2,138.9,1
18270.0,170,2,67.75,0
18272.0,43,5,2092.65,0
18273.0,25,2,153.0,0
18277.0,248,1,-12.75,0
18278.0,3,1,173.9,1
18280.0,207,1,180.60000000000002,1
18281.0,110,1,80.82,1
18282.0,52,2,98.76,0
18283.0,25,10,1120.67,0
18287.0,131,1,765.28,0
